"","ID","stType","boostId","time.s.","startTime","endTime","points","subDate.resp","TCLE","dfs.i10","dfs.i20","dfs.i4","dfs.i21","dfs.i32","dfs.i24","dfs.i7","dfs.i17","dfs.i36","pre.c1","pre.c2","pre.c3","pre.c4","pre.c5","pre.c6","subDate.pos","fss.i4","fss.i7","fss.i10","fss.i11","fss.i17","fss.i21","fss.i24","fss.i27","fss.i32","pos.c1","pos.c2","pos.c3","pos.c4","pos.c5","pos.c6","etnia","gender","economic.class","city","edLevel","inBoost","inThreat","notInTreatAndNotInBoost","condicao","dfs","fss","autoeficacia.pre","autoeficacia.pos"
"1","p01","stMale","male4stem",284.845,1620148152461,1620148437306,12,"5/4/21 14:01","Aceito",4,4,4,4,3,4,3,4,3,8,8,8,8,7,7,"5/4/21 14:17",5,5,3,5,1,3,3,3,3,8,8,8,8,4,3,"Branco","Masculino","Classe Baixa","carpi","1º ano - Ensino Médio Técnico",TRUE,FALSE,FALSE,"inBoost",3.666666667,3.444444444,7.666666667,6.5
"2","p02","stMale","male4stem",284.845,1620148152461,1620148437306,12,"5/4/21 14:01","Aceito",4,4,4,4,3,4,3,4,3,8,8,8,8,7,7,"5/4/21 14:25",5,5,3,3,1,3,5,3,3,8,8,8,8,4,3,"Branco","Masculino","Classe Baixa","Carpi","1º ano - Ensino Médio Técnico",TRUE,FALSE,FALSE,"inBoost",3.666666667,3.444444444,7.666666667,6.5
"3","p03","stMale","male4stem",284.845,1620148152461,1620148437306,12,"5/4/21 14:09","Aceito",4,4,3,4,3,4,3,4,3,8,8,8,8,6,6,"5/4/21 14:17",5,5,3,5,1,3,3,3,3,8,8,8,8,4,3,"Branco","Masculino","Classe Baixa","carpi","1º ano - Ensino Médio Técnico",TRUE,FALSE,FALSE,"inBoost",3.555555556,3.444444444,7.333333333,6.5
"4","p04","stMale","male4stem",284.845,1620148152461,1620148437306,12,"5/4/21 14:09","Aceito",4,4,3,4,3,4,3,4,3,8,8,8,8,6,6,"5/4/21 14:25",5,5,3,3,1,3,5,3,3,8,8,8,8,4,3,"Branco","Masculino","Classe Baixa","Carpi","1º ano - Ensino Médio Técnico",TRUE,FALSE,FALSE,"inBoost",3.555555556,3.444444444,7.333333333,6.5
"5","p05","stFemale","female4math",171.267,1620148877169,1620149048436,13,"5/4/21 14:09","Aceito",4,4,3,4,3,4,3,4,3,8,8,8,8,6,6,"5/4/21 14:17",5,5,3,5,1,3,3,3,3,8,8,8,8,4,3,"Branco","Masculino","Classe Baixa","carpi","1º ano - Ensino Médio Técnico",FALSE,TRUE,FALSE,"inThreat",3.555555556,3.444444444,7.333333333,6.5
"6","p06","stFemale","female4math",171.267,1620148877169,1620149048436,13,"5/4/21 14:09","Aceito",4,4,3,4,3,4,3,4,3,8,8,8,8,6,6,"5/4/21 14:25",5,5,3,3,1,3,5,3,3,8,8,8,8,4,3,"Branco","Masculino","Classe Baixa","Carpi","1º ano - Ensino Médio Técnico",FALSE,TRUE,FALSE,"inThreat",3.555555556,3.444444444,7.333333333,6.5
"7","p07","stFemale","female4math",171.267,1620148877169,1620149048436,13,"5/4/21 14:01","Aceito",4,4,4,4,3,4,3,4,3,8,8,8,8,7,7,"5/4/21 14:17",5,5,3,5,1,3,3,3,3,8,8,8,8,4,3,"Branco","Masculino","Classe Baixa","carpi","1º ano - Ensino Médio Técnico",FALSE,TRUE,FALSE,"inThreat",3.666666667,3.444444444,7.666666667,6.5
"8","p08","stFemale","female4math",171.267,1620148877169,1620149048436,13,"5/4/21 14:01","Aceito",4,4,4,4,3,4,3,4,3,8,8,8,8,7,7,"5/4/21 14:25",5,5,3,3,1,3,5,3,3,8,8,8,8,4,3,"Branco","Masculino","Classe Baixa","Carpi","1º ano - Ensino Médio Técnico",FALSE,TRUE,FALSE,"inThreat",3.666666667,3.444444444,7.666666667,6.5
"9","p09","stMale","male4stem",284.845,1620148152461,1620148437306,12,"5/4/21 14:21","Aceito",4,4,3,4,3,4,3,4,4,8,8,8,6,6,5,"5/4/21 14:17",5,5,3,5,1,3,3,3,3,8,8,8,8,4,3,"Branco","Masculino","Classe Baixa","carpi","1º ano - Ensino Médio Técnico",TRUE,FALSE,FALSE,"inBoost",3.666666667,3.444444444,6.833333333,6.5
"10","p10","stMale","male4stem",284.845,1620148152461,1620148437306,12,"5/4/21 14:21","Aceito",4,4,3,4,3,4,3,4,4,8,8,8,6,6,5,"5/4/21 14:25",5,5,3,3,1,3,5,3,3,8,8,8,8,4,3,"Branco","Masculino","Classe Baixa","Carpi","1º ano - Ensino Médio Técnico",TRUE,FALSE,FALSE,"inBoost",3.666666667,3.444444444,6.833333333,6.5
"11","p11","stFemale","female4math",171.267,1620148877169,1620149048436,13,"5/4/21 14:21","Aceito",4,4,3,4,3,4,3,4,4,8,8,8,6,6,5,"5/4/21 14:17",5,5,3,5,1,3,3,3,3,8,8,8,8,4,3,"Branco","Masculino","Classe Baixa","carpi","1º ano - Ensino Médio Técnico",FALSE,TRUE,FALSE,"inThreat",3.666666667,3.444444444,6.833333333,6.5
"12","p12","stFemale","female4math",171.267,1620148877169,1620149048436,13,"5/4/21 14:21","Aceito",4,4,3,4,3,4,3,4,4,8,8,8,6,6,5,"5/4/21 14:25",5,5,3,3,1,3,5,3,3,8,8,8,8,4,3,"Branco","Masculino","Classe Baixa","Carpi","1º ano - Ensino Médio Técnico",FALSE,TRUE,FALSE,"inThreat",3.666666667,3.444444444,6.833333333,6.5
"13","p13","stMale","male4enem",81.527,1619803138112,1619803219639,4,"4/30/21 14:18","Aceito",4,3,2,4,3,3,2,4,4,7,8,8,7,8,7,"4/30/21 14:22",3,4,3,3,2,3,4,2,3,8,7,6,8,7,7,"Pardo","Masculino","Classe Média","Carpi permbuco","3º ano - Ensino Médio Técnico",TRUE,FALSE,FALSE,"inBoost",3.222222222,3,7.5,7.166666667
"14","p14","default","",27.094,1620126554844,1620126581938,1,"5/4/21 8:09","Aceito",3,2,4,2,4,2,4,3,2,7,3,5,6,6,6,"5/4/21 8:10",4,4,4,4,4,4,4,4,4,4,4,4,4,4,4,"Negro","Feminino","Classe Média","","2º ano - Ensino Médio Técnico",FALSE,FALSE,TRUE,"neutro",2.888888889,4,5.5,4
"15","p15","stFemale","female4trigemeas",458.785,1620149636907,1620150095692,14,"5/4/21 14:32","Aceito",5,4,4,4,4,4,3,3,5,8,8,8,8,8,3,"5/4/21 14:44",4,2,4,3,3,5,4,4,5,8,8,7,4,3,3,"Negro","Masculino","Classe Baixa","zaré da Mata","2º ano - Ensino Médio Técnico",FALSE,TRUE,FALSE,"inThreat",4,3.777777778,7.166666667,5.5
"16","p16","stFemale","female4trigemeas",458.785,1620149636907,1620150095692,14,"5/4/21 14:34","Aceito",5,4,4,4,4,4,3,3,5,8,8,8,8,8,3,"5/4/21 14:44",4,2,4,3,3,5,4,4,5,8,8,7,4,3,3,"Negro","Masculino","Classe Baixa","zaré da Mata","2º ano - Ensino Médio Técnico",FALSE,TRUE,FALSE,"inThreat",4,3.777777778,7.166666667,5.5
"17","p17","default","",290.597,1620149496614,1620149787211,12,"5/4/21 14:31","Aceito",5,5,5,4,4,5,5,3,5,8,8,8,8,8,8,"5/4/21 14:38",3,5,4,3,3,4,4,4,4,8,8,8,3,1,1,"Negro","Masculino","Classe Média","Carpi PE","2º ano - Ensino Médio Técnico",FALSE,FALSE,TRUE,"neutro",4.555555556,3.777777778,8,4.833333333
"18","p18","default","",169.277,1619809804544,1619809973821,15,"4/30/21 16:04","Aceito",5,3,3,4,4,5,5,5,5,8,8,8,6,8,6,"4/30/21 16:18",5,5,5,5,5,5,5,5,5,8,8,8,8,8,8,"Pardo","Masculino","Classe Média","Araçoiaba","2º ano - Ensino Médio Técnico",FALSE,FALSE,TRUE,"neutro",4.333333333,5,7.333333333,8
"19","p19","stMale","male4enem",283.557,1619809448424,1619809731981,14,"4/30/21 16:04","Aceito",5,3,3,4,4,5,5,5,5,8,8,8,6,8,6,"4/30/21 16:18",5,5,5,5,5,5,5,5,5,8,8,8,8,8,8,"Pardo","Masculino","Classe Média","Araçoiaba","2º ano - Ensino Médio Técnico",TRUE,FALSE,FALSE,"inBoost",4.333333333,5,7.333333333,8
"20","p20","stFemale","female4trigemeas",270.65,1620149555186,1620149825836,16,"5/4/21 14:32","Aceito",4,3,2,4,3,3,1,2,4,7,6,7,5,7,6,"5/4/21 14:42",4,5,3,4,1,4,5,3,2,8,8,8,8,6,8,"Pardo","Masculino","Classe Baixa","Carpi","2º ano - Ensino Médio Técnico",FALSE,TRUE,FALSE,"inThreat",2.888888889,3.444444444,6.333333333,7.666666667
"21","p21","default","",287.373,1620147109280,1620147396653,11,"5/4/21 13:51","Aceito",3,4,3,5,4,4,1,4,5,8,8,8,7,7,4,"5/4/21 13:59",2,5,4,5,5,4,5,3,4,8,3,2,8,1,8,"Amarelo","Masculino","Classe Baixa","lagoa do itaenga","1º ano - Ensino Médio Técnico",FALSE,FALSE,TRUE,"neutro",3.666666667,4.111111111,7,5
"22","p22","stFemale","female4math",190.557,1619811081811,1619811272368,11,"4/30/21 16:31","Aceito",4,4,5,5,5,5,4,5,4,8,8,8,8,5,5,"4/30/21 16:37",5,4,3,4,2,4,5,3,5,6,7,6,3,3,4,"Pardo","Feminino","Classe Média","Araçoiaba","1º ano - Ensino Médio Técnico",TRUE,FALSE,FALSE,"inBoost",4.555555556,3.888888889,7,4.833333333
"23","p23","stMale","male4enem",291.002,1620147223530,1620147514532,16,"5/4/21 13:54","Aceito",3,3,4,4,3,3,4,4,4,6,7,6,6,6,4,"5/4/21 14:03",3,5,4,3,3,4,4,3,4,7,5,7,6,5,6,"Pardo","Feminino","Classe Média","Feira Nova","1º ano - Ensino Médio Técnico",FALSE,TRUE,FALSE,"inThreat",3.555555556,3.666666667,5.833333333,6
"24","p24","stFemale","female4trigemeas",372.012,1619802991593,1619803363605,15,"4/30/21 14:16","Aceito",2,1,1,3,3,2,3,4,3,8,8,8,8,8,8,"4/30/21 14:27",5,1,2,3,4,5,3,2,5,8,8,7,8,1,6,"Branco","Feminino","Classe Média","Lagoa do Carro","3º ano - Ensino Médio Técnico",TRUE,FALSE,FALSE,"inBoost",2.444444444,3.333333333,8,6.333333333
"25","p25","default","",314.21,1619802968480,1619803282690,13,"4/30/21 14:16","Aceito",4,2,4,5,4,4,3,3,4,6,6,8,8,8,8,"4/30/21 14:22",4,4,4,3,5,3,5,4,5,7,7,8,5,8,6,"Pardo","Masculino","Classe Média","Carpi PE","3º ano - Ensino Médio Técnico",FALSE,FALSE,TRUE,"neutro",3.666666667,4.111111111,7.333333333,6.833333333
"26","p26","default","",314.21,1619802968480,1619803282690,13,"4/30/21 14:15","Aceito",4,2,4,5,4,4,3,3,4,6,6,8,8,8,8,"4/30/21 14:22",4,4,4,3,5,3,5,4,5,7,7,8,5,8,6,"Pardo","Masculino","Classe Média","Carpi PE","3º ano - Ensino Médio Técnico",FALSE,FALSE,TRUE,"neutro",3.666666667,4.111111111,7.333333333,6.833333333
"27","p27","stMale","male4stem",110.507,1620146837215,1620146947722,4,"5/4/21 13:49","Aceito",5,1,5,5,5,5,5,5,5,8,8,1,8,8,1,"5/4/21 13:52",1,5,5,5,5,5,1,5,5,6,6,5,6,7,5,"Pardo","Masculino","Classe Baixa","Araçoiaba","1º ano - Ensino Médio Técnico",TRUE,FALSE,FALSE,"inBoost",4.555555556,4.111111111,5.666666667,5.833333333
"28","p28","stMale","male4stem",110.507,1620146837215,1620146947722,4,"5/4/21 13:49","Aceito",5,1,5,5,5,5,5,5,5,8,8,1,8,8,1,"5/4/21 13:53",1,5,5,5,5,5,1,5,5,6,6,5,6,7,5,"Pardo","Masculino","Classe Baixa","Araçoiaba","1º ano - Ensino Médio Técnico",TRUE,FALSE,FALSE,"inBoost",4.555555556,4.111111111,5.666666667,5.833333333
"29","p29","stMale","male4stem",110.507,1620146837215,1620146947722,4,"5/4/21 13:49","Aceito",5,1,5,5,5,5,5,5,5,8,8,1,8,8,1,"5/4/21 14:01",1,5,5,5,5,5,1,5,5,6,6,5,6,7,5,"Pardo","Masculino","Classe Baixa","Araçoiaba","1º ano - Ensino Médio Técnico",TRUE,FALSE,FALSE,"inBoost",4.555555556,4.111111111,5.666666667,5.833333333
"30","p30","stFemale","female4trigemeas",405.027,1619809446974,1619809852001,15,"4/30/21 16:04","Aceito",5,3,3,4,3,3,5,5,5,8,8,8,7,8,8,"4/30/21 16:14",5,5,5,4,2,5,5,5,5,8,8,8,8,8,8,"Amarelo","Masculino","Classe Baixa","Lagoa De Itaenga","2º ano - Ensino Médio Técnico",FALSE,TRUE,FALSE,"inThreat",4,4.555555556,7.833333333,8
"31","p31","stFemale","female4bolsas",247.075,1620147260144,1620147507219,12,"5/4/21 13:54","Aceito",4,3,2,4,3,3,2,2,4,5,4,3,5,4,3,"5/4/21 14:01",5,2,2,4,4,4,5,4,5,8,8,8,8,1,8,"Pardo","Feminino","Classe Média","Carpi","1º ano - Ensino Médio Técnico",TRUE,FALSE,FALSE,"inBoost",3,3.888888889,4,6.833333333
"32","p32","stMale","male4tpe",742.464,1620147744912,1620148487376,16,"5/4/21 14:02","Aceito",5,1,4,5,5,4,5,3,4,8,8,8,6,4,6,"5/4/21 14:24",4,1,5,1,1,5,4,4,5,8,8,8,8,8,8,"Branco","Masculino","Classe Baixa","carpi PE","1º ano - Ensino Médio Técnico",TRUE,FALSE,FALSE,"inBoost",4,3.333333333,6.666666667,8
"33","p33","stMale","male4stem",121.314,1620147511893,1620147633207,1,"5/4/21 13:58","Aceito",2,1,5,5,5,2,3,2,5,7,8,8,8,1,7,"5/4/21 14:04",5,5,1,3,1,5,1,3,5,8,8,3,8,8,1,"Branco","Feminino","Classe Baixa","Carpi pe","1º ano - Ensino Médio Técnico",FALSE,TRUE,FALSE,"inThreat",3.333333333,3.222222222,6.5,6
"34","p34","stFemale","female4trigemeas",199.696,1620149442104,1620149641800,6,"5/4/21 14:30","Aceito",4,3,2,4,4,3,4,5,5,8,8,8,6,6,5,"5/4/21 14:36",3,4,2,2,5,3,2,3,3,8,8,6,7,6,7,"Branco","Masculino","Classe Média","Carpi","2º ano - Ensino Médio Técnico",FALSE,TRUE,FALSE,"inThreat",3.777777778,3,6.833333333,7
"35","p35","default","",265.217,1620151495115,1620151760332,14,"5/4/21 15:04","Aceito",3,3,3,5,4,3,2,2,3,8,8,8,8,8,7,"5/4/21 15:13",5,5,4,4,3,5,4,2,2,8,5,6,8,4,4,"Pardo","Feminino","Classe Média","Carpi","2º ano - Ensino Médio Técnico",FALSE,FALSE,TRUE,"neutro",3.111111111,3.777777778,7.833333333,5.833333333
"36","p36","stFemale","female4math",75.487,1620048887416,1620048962903,7,"5/3/21 10:28","Aceito",3,3,3,3,3,3,3,3,3,6,6,6,7,8,8,"5/3/21 10:31",5,5,4,4,4,4,4,4,5,5,6,6,7,8,7,"Branco","Feminino","Classe Alta","capi","1º ano - Ensino Médio Técnico",TRUE,FALSE,FALSE,"inBoost",3,4.333333333,6.833333333,6.5
"37","p37","stMale","male4stem",193.266,1620405819657,1620406012923,14,"5/7/21 13:43","Aceito",4,2,4,4,5,5,1,4,4,8,8,8,8,8,4,"5/7/21 13:57",5,5,4,5,4,3,4,3,5,8,8,8,8,3,6,"Pardo","Feminino","Classe Média","Carpi","3º ano - Ensino Médio Técnico",FALSE,TRUE,FALSE,"inThreat",3.666666667,4.222222222,7.333333333,6.833333333
"38","p38","stMale","male4tpe",269.648,1619804000813,1619804270461,16,"4/30/21 14:31","Aceito",2,1,3,4,3,4,5,3,3,3,4,4,6,8,5,"4/30/21 14:46",4,1,3,3,4,4,4,4,4,8,8,5,8,6,8,"Pardo","Masculino","Classe Baixa","LAGOA DO CARRO","3º ano - Ensino Médio Técnico",TRUE,FALSE,FALSE,"inBoost",3.111111111,3.444444444,5,7.166666667
"39","p39","default","",358.679,1620157612216,1620157970895,11,"5/4/21 16:47","Aceito",3,1,4,4,5,4,1,3,4,8,8,8,8,6,7,"5/4/21 16:57",4,5,4,3,3,4,5,4,5,8,7,6,7,6,6,"Pardo","Masculino","Classe Média","Lagoa de Itaenga","2º ano - Ensino Médio Técnico",FALSE,FALSE,TRUE,"neutro",3.222222222,4.111111111,7.5,6.666666667
"40","p40","stMale","male4tpe",199.381,1619805461402,1619805660783,15,"4/30/21 14:57","Aceito",5,3,5,5,4,3,4,5,5,5,5,7,6,6,8,"4/30/21 16:08",5,4,5,3,5,4,4,5,5,8,8,7,7,6,5,"Pardo","Masculino","Classe Média","Carpi","2º ano - Ensino Médio Técnico",TRUE,FALSE,FALSE,"inBoost",4.333333333,4.444444444,6.166666667,6.833333333
"41","p41","default","",272.729,1620146891206,1620147163935,15,"5/4/21 13:48","Aceito",3,2,3,4,4,3,2,3,5,8,8,8,8,5,7,"5/4/21 13:57",4,2,3,2,3,3,3,3,4,8,8,7,7,5,6,"Negro","Masculino","Classe Média","Carpi","1º ano - Ensino Médio Técnico",FALSE,FALSE,TRUE,"neutro",3.222222222,3,7.333333333,6.833333333
"42","p42","stMale","male4tpe",135.498,1620147409337,1620147544835,10,"5/4/21 13:56","Aceito",4,4,5,4,5,4,3,5,4,8,8,8,8,7,2,"5/4/21 14:00",4,3,4,5,4,4,4,4,3,7,4,3,4,5,6,"Pardo","Feminino","Classe Média","Araçoiaba","1º ano - Ensino Médio Técnico",FALSE,TRUE,FALSE,"inThreat",4.222222222,3.888888889,6.833333333,4.833333333
"43","p43","default","",278.712,1620227798912,1620228077624,16,"5/5/21 12:16","Aceito",3,4,4,5,4,4,5,4,5,8,8,8,8,8,8,"5/5/21 12:25",5,5,5,5,5,5,5,5,5,8,8,8,8,8,8,"Negro","Feminino","Classe Média","Araçoiaba- PE","3º ano - Ensino Médio Técnico",FALSE,FALSE,TRUE,"neutro",4.222222222,5,8,8
"44","p44","stMale","male4tpe",441.996,1620178776422,1620179218418,17,"5/4/21 22:39","Aceito",3,2,2,3,2,2,3,3,3,6,6,6,5,6,5,"5/4/21 22:52",4,5,4,4,2,2,3,3,2,8,8,7,7,6,6,"Pardo","Feminino","Classe Média","Araçoiaba","2º ano - Ensino Médio Técnico",FALSE,TRUE,FALSE,"inThreat",2.555555556,3.222222222,5.666666667,7
"45","p45","stFemale","female4math",92.905,1620146951875,1620147044780,4,"5/4/21 13:49","Aceito",4,2,4,5,5,4,5,4,5,2,6,6,5,4,5,"5/4/21 13:52",4,4,3,2,4,5,4,3,2,4,7,6,8,7,6,"Pardo","Masculino","Classe Baixa","Carpi","1º ano - Ensino Médio Técnico",FALSE,TRUE,FALSE,"inThreat",4.222222222,3.444444444,4.666666667,6.333333333
"46","p46","stMale","male4stem",230.14,1620149378860,1620149609000,15,"5/4/21 14:29","Aceito",3,3,2,3,4,3,2,3,4,4,4,4,4,3,3,"5/4/21 14:35",3,2,3,2,3,3,2,4,4,3,1,3,2,3,3,"Indíge","Feminino","Classe Média","Araçoiaba","2º ano - Ensino Médio Técnico",FALSE,TRUE,FALSE,"inThreat",3,2.888888889,3.666666667,2.5
"47","p47","stMale","male4stem",230.14,1620149378860,1620149609000,15,"5/4/21 14:24","Aceito",3,3,2,3,4,3,2,3,4,4,4,4,4,3,3,"5/4/21 14:35",3,2,3,2,3,3,2,4,4,3,1,3,2,3,3,"Indíge","Feminino","Classe Média","Araçoiaba","2º ano - Ensino Médio Técnico",FALSE,TRUE,FALSE,"inThreat",3,2.888888889,3.666666667,2.5
"48","p48","stMale","male4tpe",1113.735,1619813867722,1619814981457,15,"4/30/21 17:10","Aceito",4,4,3,4,4,3,4,4,4,7,7,7,6,7,6,"4/30/21 17:42",4,3,3,4,4,4,3,3,3,6,6,5,6,5,6,"Pardo","Masculino","Classe Média","Carpi","2º ano - Ensino Médio Técnico",TRUE,FALSE,FALSE,"inBoost",3.777777778,3.444444444,6.666666667,5.666666667
"49","p49","stMale","male4stem",338.95,1620149933418,1620150272368,16,"5/4/21 14:38","Aceito",4,2,3,4,4,4,5,4,5,8,8,8,8,8,8,"5/4/21 14:50",5,5,4,3,4,5,5,4,4,8,8,8,8,8,8,"Pardo","Masculino","Classe Média","Carpi PE","2º ano - Ensino Médio Técnico",TRUE,FALSE,FALSE,"inBoost",3.888888889,4.333333333,8,8
"50","p50","stMale","male4tpe",156.221,1619715430599,1619715586820,3,"4/29/21 13:56","Aceito",3,3,2,3,4,3,4,5,3,8,8,8,8,4,4,"4/29/21 14:01",3,5,4,2,2,4,2,4,3,8,8,8,7,5,7,"Pardo","Feminino","Classe Média","Paudalho","1º ano - Ensino Médio Técnico",FALSE,TRUE,FALSE,"inThreat",3.333333333,3.222222222,6.666666667,7.166666667
"51","p51","default","",351.77,1619716644364,1619716996134,11,"4/29/21 14:15","Aceito",3,2,4,5,3,4,3,2,5,4,3,2,1,1,4,"4/29/21 14:26",4,4,3,2,2,3,3,3,4,5,3,3,4,3,3,"Pardo","Masculino","Classe Média","Paudalho - Permbuco","1º ano - Ensino Médio Técnico",FALSE,FALSE,TRUE,"neutro",3.444444444,3.111111111,2.5,3.5
"52","p52","default","",147.414,1619836949913,1619837097327,11,"4/30/21 23:42","Aceito",2,1,3,5,5,4,1,5,5,2,4,7,8,6,6,"4/30/21 23:47",3,5,3,4,1,5,5,5,5,3,4,3,7,8,7,"Pardo","Feminino","Classe Baixa","Carpi - Permbuco","3º ano - Ensino Médio Técnico",FALSE,FALSE,TRUE,"neutro",3.444444444,4,5.5,5.333333333
"53","p53","stMale","male4tpe",1200.882,1619715620442,1619716821324,4,"4/29/21 14:00","Aceito",4,2,4,5,5,4,5,5,4,8,5,6,5,6,7,"4/29/21 14:29",4,5,4,4,5,4,3,3,4,8,8,8,8,4,5,"Pardo","Feminino","Classe Média","Paudalho- Pe","1º ano - Ensino Médio Técnico",FALSE,TRUE,FALSE,"inThreat",4.222222222,4,6.166666667,6.833333333
"54","p54","stMale","male4tpe",1200.882,1619715620442,1619716821324,4,"4/29/21 13:56","Aceito",4,2,4,5,5,4,5,5,4,8,5,6,5,6,7,"4/29/21 14:29",4,5,4,4,5,4,3,3,4,8,8,8,8,4,5,"Pardo","Feminino","Classe Média","Paudalho- Pe","1º ano - Ensino Médio Técnico",FALSE,TRUE,FALSE,"inThreat",4.222222222,4,6.166666667,6.833333333
"55","p55","stFemale","female4bolsas",244.243,1620147117665,1620147361908,4,"5/4/21 13:53","Aceito",4,1,5,5,5,5,4,5,5,3,6,4,2,2,2,"5/4/21 14:02",4,3,3,3,4,4,2,4,5,6,2,7,2,1,7,"Branco","Feminino","Classe Média","LAGOA DE ITAENGA","1º ano - Ensino Médio Técnico",TRUE,FALSE,FALSE,"inBoost",4.333333333,3.555555556,3.166666667,4.166666667
"56","p56","default","",103.844,1619715425174,1619715529018,4,"4/29/21 13:57","Aceito",3,3,3,4,4,4,4,4,3,5,5,5,5,5,5,"4/29/21 14:29",4,5,3,3,3,3,4,3,4,5,7,7,6,5,6,"Pardo","Feminino","Classe Média","Paudalho","1º ano - Ensino Médio Técnico",FALSE,FALSE,TRUE,"neutro",3.555555556,3.555555556,5,6
"57","p57","stFemale","female4trigemeas",68.142,1620147315660,1620147383802,5,"5/4/21 13:55","Aceito",4,5,3,5,3,4,5,5,5,5,6,8,5,4,6,"5/4/21 13:57",5,4,5,4,5,4,5,4,5,5,5,5,6,5,6,"Pardo","Feminino","Classe Média","Tracunhaém","1º ano - Ensino Médio Técnico",TRUE,FALSE,FALSE,"inBoost",4.333333333,4.555555556,5.666666667,5.333333333
"58","p58","stFemale","female4bolsas",311.647,1619804978571,1619805290218,14,"4/30/21 14:49","Aceito",3,2,3,5,4,3,3,4,3,8,8,8,7,7,6,"4/30/21 15:00",3,5,3,2,4,3,3,3,4,8,5,6,7,4,4,"Pardo","Feminino","Classe Baixa","carpi","1º ano - Ensino Médio Técnico",TRUE,FALSE,FALSE,"inBoost",3.333333333,3.333333333,7.333333333,5.666666667
"59","p59","stFemale","female4bolsas",240.91,1619715892101,1619716133011,16,"4/29/21 14:04","Aceito",3,2,4,5,5,3,2,3,4,8,8,8,7,7,6,"4/29/21 14:33",4,3,3,3,2,5,4,3,4,8,7,7,6,7,7,"Negro","Feminino","Classe Média","Paudalho- PE","1º ano - Ensino Médio Técnico",TRUE,FALSE,FALSE,"inBoost",3.444444444,3.444444444,7.333333333,7
"60","p60","default","",214.881,1619715426212,1619715641093,13,"4/29/21 13:57","Aceito",1,2,1,3,3,3,1,5,1,8,8,8,8,7,6,"4/29/21 14:02",1,5,5,3,3,3,1,1,1,8,4,6,5,5,1,"Branco","Masculino","Classe Média","Paudalho","1º ano - Ensino Médio Técnico",FALSE,FALSE,TRUE,"neutro",2.222222222,2.555555556,7.5,4.833333333
"61","p61","default","",177.307,1619716986493,1619717163800,6,"4/29/21 14:23","Aceito",3,2,2,3,3,2,1,5,5,4,5,5,6,7,8,"4/29/21 14:32",4,2,3,2,2,4,3,2,4,6,1,5,7,4,3,"Pardo","Feminino","Classe Média","paudalho","1º ano - Ensino Médio Técnico",FALSE,FALSE,TRUE,"neutro",2.888888889,2.888888889,5.833333333,4.333333333
"62","p62","stFemale","female4bolsas",768.621,1620147822156,1620148590777,15,"5/4/21 14:03","Aceito",3,2,3,3,4,4,2,5,3,2,8,6,8,1,8,"5/4/21 14:24",5,3,3,3,3,4,3,3,3,8,8,8,8,2,1,"Branco","Masculino","Classe Média","Carpi","1º ano - Ensino Médio Técnico",FALSE,TRUE,FALSE,"inThreat",3.222222222,3.333333333,5.5,5.833333333
"63","p63","stMale","male4tpe",527.761,1620154986342,1620155514103,12,"5/4/21 16:03","Aceito",4,4,3,4,4,4,5,5,5,6,6,6,8,8,8,"5/4/21 16:16",3,4,4,3,3,4,3,4,4,8,8,8,8,6,6,"Pardo","Feminino","Classe Baixa","Carpi","2º ano - Ensino Médio Técnico",FALSE,TRUE,FALSE,"inThreat",4.222222222,3.555555556,7,7.333333333
"64","p64","stFemale","female4trigemeas",120.627,1620147256143,1620147376770,2,"5/4/21 13:54","Aceito",2,3,1,4,5,2,3,1,4,3,5,1,3,8,5,"5/4/21 13:57",2,5,3,2,4,1,4,1,3,2,3,1,6,4,3,"Negro","Masculino","Classe Média","Carpi/pe","1º ano - Ensino Médio Técnico",FALSE,TRUE,FALSE,"inThreat",2.777777778,2.777777778,4.166666667,3.166666667
"65","p65","stMale","male4stem",479.537,1619716795073,1619717274610,16,"4/29/21 14:16","Aceito",5,4,5,5,4,5,5,3,5,8,8,8,8,4,4,"4/29/21 14:33",5,5,5,5,3,4,4,4,5,8,8,8,8,5,8,"Pardo","Masculino","Classe Baixa","Paudalho","1º ano - Ensino Médio Técnico",TRUE,FALSE,FALSE,"inBoost",4.555555556,4.444444444,6.666666667,7.5
"66","p66","stMale","male4stem",479.537,1619716795073,1619717274610,16,"4/29/21 14:16","Aceito",5,4,5,5,4,5,5,3,5,8,8,8,8,4,4,"4/29/21 14:34",5,5,5,5,3,4,4,4,5,8,8,8,8,5,8,"Pardo","Masculino","Classe Baixa","Paudalho","1º ano - Ensino Médio Técnico",TRUE,FALSE,FALSE,"inBoost",4.555555556,4.444444444,6.666666667,7.5
"67","p67","stMale","male4stem",479.537,1619716795073,1619717274610,16,"4/29/21 14:12","Aceito",5,4,5,5,2,5,5,3,5,8,8,8,8,8,6,"4/29/21 14:33",5,5,5,5,3,4,4,4,5,8,8,8,8,5,8,"Pardo","Masculino","Classe Baixa","Paudalho","1º ano - Ensino Médio Técnico",TRUE,FALSE,FALSE,"inBoost",4.333333333,4.444444444,7.666666667,7.5
"68","p68","stMale","male4stem",479.537,1619716795073,1619717274610,16,"4/29/21 14:12","Aceito",5,4,5,5,2,5,5,3,5,8,8,8,8,8,6,"4/29/21 14:34",5,5,5,5,3,4,4,4,5,8,8,8,8,5,8,"Pardo","Masculino","Classe Baixa","Paudalho","1º ano - Ensino Médio Técnico",TRUE,FALSE,FALSE,"inBoost",4.333333333,4.444444444,7.666666667,7.5
"69","p69","stMale","male4stem",6113.038,1620155506416,1620161619454,13,"5/4/21 16:12","Aceito",5,5,5,5,5,5,5,5,5,8,8,8,8,8,8,"5/4/21 17:56",5,5,5,4,5,4,4,5,5,8,8,8,8,3,8,"Branco","Feminino","Classe Baixa","Carpi","1º ano - Ensino Médio Técnico",FALSE,TRUE,FALSE,"inThreat",5,4.666666667,8,7.166666667
"70","p70","stFemale","female4trigemeas",538.665,1620154823326,1620155361991,9,"5/4/21 16:01","Aceito",4,3,2,4,4,4,2,4,5,5,5,6,5,4,2,"5/4/21 16:15",3,5,4,2,5,3,4,3,4,6,7,2,6,1,7,"Pardo","Masculino","Classe Baixa","Carpi","2º ano - Ensino Médio Técnico",FALSE,TRUE,FALSE,"inThreat",3.555555556,3.666666667,4.5,4.833333333
"71","p71","stFemale","female4trigemeas",265.956,1620149590002,1620149855958,12,"5/4/21 14:33","Aceito",5,3,5,5,4,5,3,5,5,8,8,7,4,6,3,"5/4/21 14:42",4,4,3,5,2,5,3,5,5,8,7,6,5,3,3,"Pardo","Masculino","Classe Média","Carpi","2º ano - Ensino Médio Técnico",FALSE,TRUE,FALSE,"inThreat",4.444444444,4,6,5.333333333
"72","p72","default","",360.825,1619714802555,1619715163380,14,"4/29/21 13:41","Aceito",5,4,4,3,5,5,1,5,5,8,8,8,8,8,8,"4/29/21 14:02",5,5,3,5,3,5,5,4,2,8,8,8,8,7,8,"Branco","Masculino","Classe Média","JARDIM BRASIL oLINDA","2º ano - Ensino Médio Técnico",FALSE,FALSE,TRUE,"neutro",4.111111111,4.111111111,8,7.833333333
"73","p73","stFemale","female4trigemeas",255.959,1619716206746,1619716462705,9,"4/29/21 14:10","Aceito",4,3,5,4,5,3,4,4,5,4,4,3,6,3,3,"4/29/21 14:16",5,5,4,4,5,5,4,4,3,4,3,3,4,4,3,"Branco","Masculino","Classe Baixa","PAUDALHO","2º ano - Ensino Médio Técnico",FALSE,TRUE,FALSE,"inThreat",4.111111111,4.333333333,3.833333333,3.5
"74","p74","stFemale","female4trigemeas",219.806,1619653302804,1619653522610,9,"4/28/21 20:41","Aceito",1,1,1,1,1,1,1,1,1,8,7,7,8,7,7,"4/28/21 20:46",5,5,5,5,5,5,5,5,5,8,8,8,7,7,7,"Branco","Feminino","Classe Baixa","carpi","3º ano - Ensino Médio Técnico",TRUE,FALSE,FALSE,"inBoost",1,5,7.333333333,7.5
"75","p75","default","",283.066,1619803898938,1619804182004,12,"4/30/21 14:31","Aceito",5,3,4,5,5,5,3,3,5,7,7,7,5,5,5,"4/30/21 14:42",4,3,4,4,1,5,5,4,5,8,8,7,8,5,6,"Pardo","Feminino","Classe Média","Carpi- PE","2º ano - Ensino Médio Técnico",FALSE,FALSE,TRUE,"neutro",4.222222222,3.888888889,6,7
"76","p76","stMale","male4stem",113.915,1620148247641,1620148361556,12,"5/4/21 14:10","Aceito",3,2,3,4,3,3,3,4,3,8,8,8,8,1,1,"5/4/21 14:15",4,5,3,3,3,4,4,5,4,8,8,8,8,1,1,"Branco","Feminino","Classe Média","Carpi","1º ano - Ensino Médio Técnico",FALSE,TRUE,FALSE,"inThreat",3.111111111,3.888888889,5.666666667,5.666666667
"77","p77","default","",388.422,1619829720506,1619830108928,14,"4/30/21 21:41","Aceito",5,5,5,5,5,5,5,5,5,8,8,8,8,8,8,"4/30/21 21:53",5,5,5,4,4,5,5,5,5,8,8,8,8,8,8,"Amarelo","Masculino","Classe Média","Carpi","3º ano - Ensino Médio Técnico",FALSE,FALSE,TRUE,"neutro",5,4.777777778,8,8
"78","p78","stFemale","female4bolsas",88.546,1620147499038,1620147587584,2,"5/4/21 13:58","Aceito",4,1,5,5,5,3,4,4,5,8,8,1,8,4,1,"5/4/21 14:00",5,3,5,4,5,5,5,5,5,7,8,6,5,5,5,"Amarelo","Masculino","Classe Média","Carpi","1º ano - Ensino Médio Técnico",FALSE,TRUE,FALSE,"inThreat",4,4.666666667,5,6
"79","p79","stMale","male4enem",142.624,1619804411764,1619804554388,2,"4/30/21 14:40","Aceito",4,2,4,4,4,4,5,5,5,8,8,8,6,6,7,"4/30/21 14:48",2,5,2,3,3,2,3,4,2,8,7,6,8,6,4,"Branco","Masculino","Classe Média","Carpi","3º ano - Ensino Médio Técnico",TRUE,FALSE,FALSE,"inBoost",4.111111111,2.888888889,7.166666667,6.5
"80","p80","stFemale","female4bolsas",1853.976,1619834105492,1619835959468,19,"4/30/21 22:55","Aceito",5,4,3,4,4,2,3,5,5,8,8,8,8,8,8,"4/30/21 23:34",4,2,5,5,5,2,3,5,5,8,8,8,8,8,8,"Branco","Masculino","Classe Média","carpi","3º ano - Ensino Médio Técnico",FALSE,TRUE,FALSE,"inThreat",3.888888889,4,8,8
"81","p81","default","",394.778,1619809400798,1619809795576,16,"4/30/21 16:05","Aceito",5,2,3,4,4,3,1,5,5,8,8,8,7,7,8,"4/30/21 16:17",4,2,5,5,3,5,4,3,5,8,8,8,8,8,8,"Branco","Feminino","Classe Média","Tracunhaém","2º ano - Ensino Médio Técnico",FALSE,FALSE,TRUE,"neutro",3.555555556,4,7.666666667,8
"82","p82","default","",394.778,1619809400798,1619809795576,16,"4/30/21 16:04","Aceito",5,2,3,4,4,3,1,5,5,8,8,8,7,7,8,"4/30/21 16:17",4,2,5,5,3,5,4,3,5,8,8,8,8,8,8,"Branco","Feminino","Classe Média","Tracunhaém","2º ano - Ensino Médio Técnico",FALSE,FALSE,TRUE,"neutro",3.555555556,4,7.666666667,8
"83","p83","stFemale","female4math",258.046,1620147038383,1620147296429,13,"5/4/21 13:50","Aceito",4,2,4,5,4,5,5,3,5,8,8,8,8,6,8,"5/4/21 13:56",4,5,4,3,3,5,5,5,5,8,8,8,6,5,6,"Pardo","Masculino","Classe Média","carpi","1º ano - Ensino Médio Técnico",FALSE,TRUE,FALSE,"inThreat",4.111111111,4.333333333,7.666666667,6.833333333
"84","p84","stFemale","female4trigemeas",133.71,1620147565910,1620147699620,3,"5/4/21 13:59","Aceito",4,2,3,5,5,4,3,4,5,4,5,4,4,5,4,"5/4/21 14:03",3,4,4,4,4,5,4,5,4,5,6,6,5,6,5,"Pardo","Masculino","Classe Média","Tracunhaém","1º ano - Ensino Médio Técnico",FALSE,TRUE,FALSE,"inThreat",3.888888889,4.111111111,4.333333333,5.5
"85","p85","stMale","male4enem",190.357,1620148061477,1620148251834,11,"5/4/21 14:07","Aceito",3,2,5,5,5,2,1,5,1,8,8,1,5,3,6,"5/4/21 14:12",5,5,5,5,5,5,5,5,5,8,8,8,8,8,6,"Branco","Masculino","Classe Alta","lagoa do carro","1º ano - Ensino Médio Técnico",TRUE,FALSE,FALSE,"inBoost",3.222222222,5,5.166666667,7.666666667
"86","p86","stMale","male4stem",455.27,1620151227284,1620151682554,11,"5/4/21 15:00","Aceito",4,3,4,5,3,4,4,3,5,7,8,8,6,8,6,"5/4/21 15:13",5,5,4,5,5,4,5,5,5,8,8,8,8,8,8,"Indíge","Masculino","Classe Média","zaré da Mata","2º ano - Ensino Médio Técnico",TRUE,FALSE,FALSE,"inBoost",3.888888889,4.777777778,7.166666667,8
"87","p87","default","",273.339,1619804968820,1619805242159,13,"4/30/21 14:49","Aceito",3,2,4,3,4,4,1,5,4,8,8,8,8,5,6,"4/30/21 14:56",5,2,3,2,3,5,4,4,5,8,8,8,8,1,8,"Pardo","Masculino","Classe Média","Carpi","2º ano - Ensino Médio Técnico",FALSE,FALSE,TRUE,"neutro",3.333333333,3.666666667,7.166666667,6.833333333
"88","p88","stMale","male4enem",226.415,1620152982481,1620153208896,16,"5/4/21 15:16","Aceito",4,4,4,4,5,3,3,5,4,8,8,8,8,6,6,"5/4/21 15:37",4,3,4,4,4,3,4,3,5,7,7,7,6,5,6,"Branco","Masculino","Classe Média","Carpi PE","2º ano - Ensino Médio Técnico",TRUE,FALSE,FALSE,"inBoost",4,3.777777778,7.333333333,6.333333333
"89","p89","stFemale","female4bolsas",161.565,1620147118715,1620147280280,3,"5/4/21 13:52","Aceito",4,2,4,5,3,4,3,4,2,8,8,4,3,3,8,"5/4/21 13:56",4,3,4,3,4,4,3,4,5,6,8,3,8,7,5,"Pardo","Masculino","Classe Média","Carpi","1º ano - Ensino Médio Técnico",FALSE,TRUE,FALSE,"inThreat",3.444444444,3.777777778,5.666666667,6.166666667
"90","p90","stFemale","female4bolsas",129.907,1620147083272,1620147213179,3,"5/4/21 13:51","Aceito",4,1,5,5,5,5,5,4,5,8,7,8,8,7,8,"5/4/21 13:55",5,5,5,5,5,5,5,5,5,8,8,7,7,8,8,"Pardo","Feminino","Classe Média","Carpi","1º ano - Ensino Médio Técnico",TRUE,FALSE,FALSE,"inBoost",4.333333333,5,7.666666667,7.666666667
"91","p91","stMale","male4enem",323.254,1619828752303,1619829075557,20,"4/30/21 21:13","Aceito",4,2,1,4,4,3,5,5,5,7,7,7,7,7,7,"4/30/21 21:34",3,1,4,3,5,5,1,5,5,7,8,7,7,7,7,"Pardo","Masculino","Classe Baixa","Carpi","1º ano - Ensino Médio Técnico",TRUE,FALSE,FALSE,"inBoost",3.666666667,3.555555556,7,7.166666667
"92","p92","stMale","male4enem",323.254,1619828752303,1619829075557,20,"4/30/21 21:03","Aceito",4,2,1,4,4,3,5,5,5,7,7,7,7,7,7,"4/30/21 21:34",3,1,4,3,5,5,1,5,5,7,8,7,7,7,7,"Pardo","Masculino","Classe Baixa","Carpi","1º ano - Ensino Médio Técnico",TRUE,FALSE,FALSE,"inBoost",3.666666667,3.555555556,7,7.166666667
"93","p93","stMale","male4enem",323.254,1619828752303,1619829075557,20,"4/30/21 21:09","Aceito",4,2,1,4,4,3,5,5,5,7,7,7,7,7,7,"4/30/21 21:34",3,1,4,3,5,5,1,5,5,7,8,7,7,7,7,"Pardo","Masculino","Classe Baixa","Carpi","1º ano - Ensino Médio Técnico",TRUE,FALSE,FALSE,"inBoost",3.666666667,3.555555556,7,7.166666667
"94","p94","stMale","male4enem",323.254,1619828752303,1619829075557,20,"4/30/21 21:00","Aceito",4,2,1,4,4,3,5,5,5,7,7,7,7,7,7,"4/30/21 21:34",3,1,4,3,5,5,1,5,5,7,8,7,7,7,7,"Pardo","Masculino","Classe Baixa","Carpi","1º ano - Ensino Médio Técnico",TRUE,FALSE,FALSE,"inBoost",3.666666667,3.555555556,7,7.166666667
"95","p95","stMale","male4enem",323.254,1619828752303,1619829075557,20,"4/30/21 21:26","Aceito",4,2,1,4,4,3,5,5,5,7,7,7,7,7,7,"4/30/21 21:34",3,1,4,3,5,5,1,5,5,7,8,7,7,7,7,"Pardo","Masculino","Classe Baixa","Carpi","1º ano - Ensino Médio Técnico",TRUE,FALSE,FALSE,"inBoost",3.666666667,3.555555556,7,7.166666667
"96","p96","stMale","male4enem",323.254,1619828752303,1619829075557,20,"4/30/21 21:02","Aceito",4,2,1,4,4,3,5,5,5,7,7,7,7,7,7,"4/30/21 21:34",3,1,4,3,5,5,1,5,5,7,8,7,7,7,7,"Pardo","Masculino","Classe Baixa","Carpi","1º ano - Ensino Médio Técnico",TRUE,FALSE,FALSE,"inBoost",3.666666667,3.555555556,7,7.166666667
"97","p97","stMale","male4enem",323.254,1619828752303,1619829075557,20,"4/30/21 21:10","Aceito",4,2,1,4,4,3,5,5,5,7,7,7,7,7,7,"4/30/21 21:34",3,1,4,3,5,5,1,5,5,7,8,7,7,7,7,"Pardo","Masculino","Classe Baixa","Carpi","1º ano - Ensino Médio Técnico",TRUE,FALSE,FALSE,"inBoost",3.666666667,3.555555556,7,7.166666667
"98","p98","stMale","male4stem",288.435,1619808725383,1619809013818,9,"4/30/21 15:49","Aceito",2,4,4,2,5,4,3,4,5,8,8,8,7,7,7,"4/30/21 15:57",4,3,3,1,4,4,5,4,5,8,7,7,6,7,6,"Negro","Feminino","Classe Baixa","Tracunhaém","2º ano - Ensino Médio Técnico",FALSE,TRUE,FALSE,"inThreat",3.666666667,3.666666667,7.5,6.833333333
"99","p99","default","",220.268,1620146789742,1620147010010,12,"5/4/21 13:46","Aceito",3,4,5,4,4,5,4,5,3,8,8,8,7,8,7,"5/4/21 13:53",4,4,2,2,5,3,4,4,5,7,8,5,6,1,4,"Pardo","Feminino","Classe Média","carpi","1º ano - Ensino Médio Técnico",FALSE,FALSE,TRUE,"neutro",4.111111111,3.666666667,7.666666667,5.166666667
"100","p100","stMale","male4enem",142.432,1620147294890,1620147437322,18,"5/4/21 13:50","Aceito",4,2,2,5,5,1,1,5,5,7,7,7,7,7,7,"5/4/21 13:58",3,1,4,1,5,5,1,1,5,7,7,7,7,7,7,"Pardo","Masculino","Classe Baixa","Carpi","1º ano - Ensino Médio Técnico",TRUE,FALSE,FALSE,"inBoost",3.333333333,2.888888889,7,7
"101","p101","stMale","male4stem",152.627,1620147359482,1620147512109,4,"5/4/21 13:55","Aceito",4,1,1,5,4,2,2,1,5,8,8,8,8,1,8,"5/4/21 14:03",3,5,2,1,1,3,3,5,4,8,8,8,8,8,8,"Branco","Masculino","Classe Baixa","Carpi PE","1º ano - Ensino Médio Técnico",TRUE,FALSE,FALSE,"inBoost",2.777777778,3,6.833333333,8
"102","p102","stMale","male4tpe",758.952,1619804723327,1619805482279,18,"4/30/21 14:43","Aceito",3,3,4,5,4,3,3,3,2,8,8,8,8,8,8,"4/30/21 15:12",5,5,5,4,5,4,5,4,5,8,8,8,8,6,7,"Pardo","Masculino","Classe Baixa","Lagoa Do Itaenga","1º ano - Ensino Médio Técnico",TRUE,FALSE,FALSE,"inBoost",3.333333333,4.666666667,8,7.5
"103","p103","stFemale","female4trigemeas",181.797,1620148305550,1620148487347,12,"5/4/21 14:01","Aceito",3,1,4,4,5,5,5,1,5,8,8,8,8,1,1,"5/4/21 14:19",5,5,5,4,5,5,5,5,5,8,4,5,8,5,5,"Branco","Masculino","Classe Média","Carpi-PE.","1º ano - Ensino Médio Técnico",FALSE,TRUE,FALSE,"inThreat",3.666666667,4.888888889,5.666666667,5.833333333
"104","p104","stMale","male4tpe",399.878,1619721789039,1619722188917,12,"4/29/21 15:43","Aceito",3,3,4,2,3,3,2,5,5,7,5,8,8,5,5,"4/29/21 15:55",5,3,3,3,5,4,4,2,4,8,8,8,8,1,8,"Pardo","Masculino","Classe Média","Paudalho","1º ano - Ensino Médio Técnico",TRUE,FALSE,FALSE,"inBoost",3.333333333,3.666666667,6.333333333,6.833333333
"105","p105","stMale","male4enem",428.454,1620149890021,1620150318475,12,"5/4/21 14:38","Aceito",4,4,3,5,5,4,3,3,4,8,8,8,5,5,8,"5/4/21 14:50",4,3,4,3,3,5,4,4,4,8,8,7,6,8,8,"Pardo","Feminino","Classe Média","Carpi","2º ano - Ensino Médio Técnico",FALSE,TRUE,FALSE,"inThreat",3.888888889,3.777777778,7,7.5
"106","p106","default","",291.052,1619714172840,1619714463892,12,"4/29/21 13:36","Aceito",3,3,2,5,3,2,4,5,2,6,6,7,4,4,3,"4/29/21 13:44",3,2,2,4,5,5,4,3,2,5,6,7,5,7,5,"Pardo","Masculino","Classe Média","Paudalho","2º ano - Ensino Médio Técnico",FALSE,FALSE,TRUE,"neutro",3.222222222,3.333333333,5,5.833333333
"107","p107","default","",292.125,1619714172840,1619714464965,12,"4/29/21 13:36","Aceito",3,3,2,5,3,2,4,5,2,6,6,7,4,4,3,"4/29/21 13:44",3,2,2,4,5,5,4,3,2,5,6,7,5,7,5,"Pardo","Masculino","Classe Média","Paudalho","2º ano - Ensino Médio Técnico",FALSE,FALSE,TRUE,"neutro",3.222222222,3.333333333,5,5.833333333
"108","p108","stFemale","female4math",254.822,1620146670446,1620146925268,11,"5/4/21 13:45","Aceito",4,4,5,5,4,5,5,5,4,8,8,8,8,3,8,"5/4/21 13:51",5,5,4,5,3,5,3,4,5,8,8,8,8,8,8,"Branco","Masculino","Classe Média","Carpi","1º ano - Ensino Médio Técnico",FALSE,TRUE,FALSE,"inThreat",4.555555556,4.333333333,7.166666667,8
"109","p109","stFemale","female4math",254.822,1620146670446,1620146925268,11,"5/4/21 13:45","Aceito",4,4,5,5,4,5,5,5,4,8,8,8,8,3,8,"5/4/21 13:51",5,5,4,5,3,5,3,4,5,8,8,8,8,8,8,"Branco","Masculino","Classe Média","Carpi","1º ano - Ensino Médio Técnico",FALSE,TRUE,FALSE,"inThreat",4.555555556,4.333333333,7.166666667,8
"110","p110","stMale","male4tpe",536.301,1619804542557,1619805078858,15,"4/30/21 14:42","Aceito",4,3,2,3,3,1,1,5,3,7,7,7,6,5,3,"4/30/21 14:58",4,1,3,5,5,4,4,5,3,8,4,8,8,4,4,"Pardo","Masculino","Classe Baixa","Araçoiaba","1º ano - Ensino Médio Técnico",TRUE,FALSE,FALSE,"inBoost",2.777777778,3.777777778,5.833333333,6
"111","p111","stMale","male4tpe",536.301,1619804542557,1619805078858,15,"4/30/21 14:39","Aceito",4,3,2,3,3,1,1,5,3,7,7,7,6,5,3,"4/30/21 14:58",4,1,3,5,5,4,4,5,3,8,4,8,8,4,4,"Pardo","Masculino","Classe Baixa","Araçoiaba","1º ano - Ensino Médio Técnico",TRUE,FALSE,FALSE,"inBoost",2.777777778,3.777777778,5.833333333,6
"112","p112","default","",326.475,1619715775330,1619716101805,15,"4/29/21 14:02","Aceito",3,2,2,5,4,4,5,5,3,5,7,6,6,8,6,"4/29/21 14:13",4,5,4,3,1,5,4,3,5,7,2,7,6,3,2,"Branco","Masculino","Classe Baixa","Paudalho","1º ano - Ensino Médio Técnico",FALSE,FALSE,TRUE,"neutro",3.666666667,3.777777778,6.333333333,4.5
"113","p113","stFemale","female4bolsas",193.355,1620147503092,1620147696447,12,"5/4/21 13:58","Aceito",4,4,5,5,5,4,3,2,5,8,8,8,8,8,6,"5/4/21 14:04",4,5,4,4,1,4,4,5,5,8,5,4,8,6,6,"Pardo","Masculino","Classe Média","Carpi","1º ano - Ensino Médio Técnico",FALSE,TRUE,FALSE,"inThreat",4.111111111,4,7.666666667,6.166666667
"114","p114","stFemale","female4trigemeas",254.721,1620148029071,1620148283792,14,"5/4/21 14:07","Aceito",3,2,3,4,3,3,4,4,3,2,6,6,3,3,3,"5/4/21 14:30",3,2,4,4,4,2,3,4,4,6,6,6,6,2,5,"Pardo","Masculino","Classe Média","Carpi","1º ano - Ensino Médio Técnico",FALSE,TRUE,FALSE,"inThreat",3.222222222,3.333333333,3.833333333,5.166666667
"115","p115","stFemale","female4trigemeas",202.538,1620143896695,1620144099233,10,"5/4/21 13:56","Aceito",5,1,3,4,5,4,3,3,5,6,8,8,8,7,8,"5/4/21 14:02",3,4,3,1,5,5,5,5,5,8,7,8,5,5,5,"Pardo","Masculino","Classe Baixa","Lagoa de itaenga Pe","1º ano - Ensino Médio Técnico",FALSE,TRUE,FALSE,"inThreat",3.666666667,4,7.5,6.333333333
"116","p116","default","",448.879,1620148440976,1620148889855,11,"5/4/21 14:13","Aceito",5,2,2,4,5,3,4,4,3,8,8,8,8,8,8,"5/4/21 14:33",3,5,4,3,4,3,3,4,5,8,8,8,8,5,8,"Branco","Masculino","Classe Baixa","Carpi","1º ano - Ensino Médio Técnico",FALSE,FALSE,TRUE,"neutro",3.555555556,3.777777778,8,7.5
"117","p117","default","",362.206,1620147096610,1620147458816,18,"5/4/21 13:50","Aceito",4,3,2,2,3,3,1,1,3,8,8,8,8,8,8,"5/4/21 14:00",5,3,4,1,1,5,5,4,5,8,8,8,8,8,8,"Pardo","Masculino","Classe Média","Carpi","1º ano - Ensino Médio Técnico",FALSE,FALSE,TRUE,"neutro",2.444444444,3.666666667,8,8
"118","p118","default","",167.508,1620148131646,1620148299154,10,"5/4/21 14:08","Aceito",3,3,4,4,4,3,4,3,4,5,5,6,6,5,5,"5/4/21 14:15",3,4,4,3,2,4,5,5,4,8,5,6,5,5,7,"Branco","Feminino","Classe Média","araçoiaba","1º ano - Ensino Médio Técnico",FALSE,FALSE,TRUE,"neutro",3.555555556,3.777777778,5.333333333,6
"119","p119","stFemale","female4trigemeas",262.578,1620147447694,1620147710272,13,"5/4/21 13:57","Aceito",2,3,2,4,3,4,2,4,5,8,8,8,8,8,1,"5/4/21 14:05",1,5,4,4,5,1,1,5,4,8,8,2,2,1,1,"Branco","Feminino","Classe Média","zaré Da Mata","1º ano - Ensino Médio Técnico",TRUE,FALSE,FALSE,"inBoost",3.222222222,3.333333333,6.833333333,3.666666667
"120","p120","stFemale","female4math",421.381,1620146814787,1620147236168,16,"5/4/21 13:47","Aceito",4,1,4,5,5,5,3,3,5,8,8,8,8,8,8,"5/4/21 13:57",5,3,4,3,5,5,5,5,5,8,8,8,8,8,8,"Pardo","Masculino","Classe Média","Lagoa de Itaenga","1º ano - Ensino Médio Técnico",FALSE,TRUE,FALSE,"inThreat",3.888888889,4.444444444,8,8
"121","p121","stMale","male4stem",478.216,1620147110614,1620147588830,12,"5/4/21 13:51","Aceito",4,2,4,4,3,4,4,4,4,8,8,8,8,8,8,"5/4/21 14:01",5,4,5,5,5,5,5,5,5,8,8,8,8,8,8,"Pardo","Masculino","Classe Média","Lagoa de Itaenga","1º ano - Ensino Médio Técnico",TRUE,FALSE,FALSE,"inBoost",3.666666667,4.888888889,8,8
"122","p122","default","",408.339,1620146732098,1620147140437,18,"5/4/21 13:45","Aceito",3,2,3,5,4,1,5,5,5,8,8,8,8,8,8,"5/4/21 13:55",5,5,5,5,1,5,1,5,5,8,8,7,8,5,6,"Pardo","Masculino","Classe Média","Carpi","1º ano - Ensino Médio Técnico",FALSE,FALSE,TRUE,"neutro",3.666666667,4.111111111,8,7
"123","p123","stFemale","female4bolsas",339.941,1620147137257,1620147477198,14,"5/4/21 13:52","Aceito",3,4,3,2,2,3,4,4,5,7,8,7,6,8,6,"5/4/21 14:02",4,4,3,5,4,2,4,4,5,8,8,4,7,2,6,"Branco","Feminino","Classe Média","Carpi","1º ano - Ensino Médio Técnico",TRUE,FALSE,FALSE,"inBoost",3.333333333,3.888888889,7,5.833333333
"124","p124","default","",38.154,1620146780889,1620146819043,3,"5/4/21 13:46","Aceito",3,1,4,4,4,3,2,3,5,8,8,8,3,8,1,"5/4/21 13:49",3,5,4,1,5,5,4,5,4,8,4,7,4,4,7,"Pardo","Masculino","Classe Baixa","Lagoa do carro","1º ano - Ensino Médio Técnico",FALSE,FALSE,TRUE,"neutro",3.222222222,4,6,5.666666667
"125","p125","stMale","male4tpe",275.092,1619807733897,1619808008989,14,"4/30/21 15:35","Aceito",4,2,3,5,4,4,3,5,5,8,8,8,6,3,2,"4/30/21 15:44",4,3,3,4,5,5,4,4,5,8,8,7,8,6,4,"Negro","Masculino","Classe Média","Tracunhaem","1º ano - Ensino Médio Técnico",TRUE,FALSE,FALSE,"inBoost",3.888888889,4.111111111,5.833333333,6.833333333
"126","p126","stMale","male4tpe",275.092,1619807733897,1619808008989,14,"4/30/21 15:34","Aceito",4,2,3,5,4,4,3,5,5,8,8,8,6,3,2,"4/30/21 15:44",4,3,3,4,5,5,4,4,5,8,8,7,8,6,4,"Negro","Masculino","Classe Média","Tracunhaem","1º ano - Ensino Médio Técnico",TRUE,FALSE,FALSE,"inBoost",3.888888889,4.111111111,5.833333333,6.833333333
"127","p127","default","",108.346,1620146742077,1620146850423,4,"5/4/21 13:45","Aceito",4,5,5,5,5,3,5,5,5,8,8,8,8,8,8,"5/4/21 13:48",5,5,4,5,5,5,3,2,4,5,3,4,3,3,2,"Pardo","Feminino","Classe Baixa","Lagoa de itaenga","1º ano - Ensino Médio Técnico",FALSE,FALSE,TRUE,"neutro",4.666666667,4.222222222,8,3.333333333
"128","p128","default","",275.79,1620149737892,1620150013682,12,"5/4/21 14:35","Aceito",3,4,4,2,4,2,4,3,5,8,8,8,7,8,8,"5/4/21 14:43",4,5,3,3,2,5,4,4,5,8,7,7,7,4,7,"Branco","Feminino","Classe Baixa","","2º ano - Ensino Médio Técnico",FALSE,FALSE,TRUE,"neutro",3.444444444,3.888888889,7.833333333,6.666666667
"129","p129","default","",182.952,1620146970014,1620147152966,3,"5/4/21 13:49","Aceito",4,3,3,4,4,4,3,4,3,6,6,5,5,6,6,"5/4/21 13:58",3,3,2,1,1,2,2,1,1,6,6,7,7,3,6,"Branco","Feminino","Classe Baixa","Carpi","1º ano - Ensino Médio Técnico",FALSE,FALSE,TRUE,"neutro",3.555555556,1.777777778,5.666666667,5.833333333
"130","p130","default","",171.647,1620147207959,1620147379606,13,"5/4/21 13:51","Aceito",5,4,5,5,5,4,4,3,5,8,8,8,8,7,7,"5/4/21 13:57",5,5,4,3,5,4,4,4,4,7,7,8,7,7,7,"Pardo","Masculino","Classe Média","Carpi-pe","1º ano - Ensino Médio Técnico",FALSE,FALSE,TRUE,"neutro",4.444444444,4.222222222,7.666666667,7.166666667
"131","p131","default","",171.647,1620147207959,1620147379606,13,"5/4/21 13:50","Aceito",5,4,5,5,5,4,4,3,5,8,8,8,8,7,7,"5/4/21 13:57",5,5,4,3,5,4,4,4,4,7,7,8,7,7,7,"Pardo","Masculino","Classe Média","Carpi-pe","1º ano - Ensino Médio Técnico",FALSE,FALSE,TRUE,"neutro",4.444444444,4.222222222,7.666666667,7.166666667
"132","p132","default","",171.647,1620147207959,1620147379606,13,"5/4/21 13:53","Aceito",5,4,5,5,5,4,4,3,5,7,7,8,7,7,7,"5/4/21 13:57",5,5,4,3,5,4,4,4,4,7,7,8,7,7,7,"Pardo","Masculino","Classe Média","Carpi-pe","1º ano - Ensino Médio Técnico",FALSE,FALSE,TRUE,"neutro",4.444444444,4.222222222,7.166666667,7.166666667
"133","p133","default","",274.124,1620147157540,1620147431664,11,"5/4/21 13:52","Aceito",3,3,4,5,5,3,2,3,4,7,5,6,7,5,6,"5/4/21 14:00",3,5,3,4,1,3,4,5,2,8,7,5,8,5,4,"Pardo","Masculino","Classe Média","Carpi","1º ano - Ensino Médio Técnico",FALSE,FALSE,TRUE,"neutro",3.555555556,3.333333333,6,6.166666667
"134","p134","stMale","male4stem",338.283,1620147325083,1620147663366,10,"5/4/21 13:55","Aceito",3,3,2,2,3,4,2,3,5,7,7,8,6,5,6,"5/4/21 14:06",3,4,2,5,4,4,5,3,4,8,8,6,6,5,5,"Branco","Masculino","Classe Média","Carpi","1º ano - Ensino Médio Técnico",TRUE,FALSE,FALSE,"inBoost",3,3.777777778,6.5,6.333333333
"135","p135","stMale","male4enem",686.563,1620147795360,1620148481923,17,"5/4/21 14:03","Aceito",3,4,2,2,4,4,1,5,4,4,6,5,5,3,2,"5/4/21 14:20",5,1,1,3,2,3,3,3,4,8,8,1,4,1,4,"Pardo","Feminino","Classe Baixa","carpi","1º ano - Ensino Médio Técnico",FALSE,TRUE,FALSE,"inThreat",3.222222222,2.777777778,4.166666667,4.333333333
"136","p136","stMale","male4enem",2061.17,1619811583189,1619813644359,19,"4/30/21 16:39","Aceito",4,3,4,4,3,3,4,3,4,7,7,7,7,7,7,"4/30/21 17:25",4,4,4,3,3,4,4,4,3,7,7,7,7,7,7,"Negro","Masculino","Classe Baixa","Carpi","2º ano - Ensino Médio Técnico",TRUE,FALSE,FALSE,"inBoost",3.555555556,3.666666667,7,7
"137","p137","stMale","male4stem",349.911,1620146870856,1620147220767,14,"5/4/21 13:47","Aceito",3,2,4,5,4,3,4,4,4,5,5,7,7,7,5,"5/4/21 13:57",3,2,3,3,3,2,3,5,3,8,4,8,8,4,8,"Negro","Feminino","Classe Média","Vicência","1º ano - Ensino Médio Técnico",FALSE,TRUE,FALSE,"inThreat",3.666666667,3,6,6.666666667
"138","p138","stMale","male4tpe",383.194,1620147468394,1620147851588,11,"5/4/21 13:58","Aceito",3,1,1,5,5,3,1,3,3,1,1,1,1,1,1,"5/4/21 14:10",3,3,1,1,1,5,3,5,4,8,8,1,8,1,1,"Negro","Feminino","Classe Baixa","Carpi","1º ano - Ensino Médio Técnico",FALSE,TRUE,FALSE,"inThreat",2.777777778,2.888888889,1,4.5
"139","p139","stMale","male4tpe",383.194,1620147468394,1620147851588,11,"5/4/21 13:55","Aceito",4,1,3,5,5,3,1,3,3,1,2,1,1,1,1,"5/4/21 14:10",3,3,1,1,1,5,3,5,4,8,8,1,8,1,1,"Negro","Feminino","Classe Baixa","Carpi","1º ano - Ensino Médio Técnico",FALSE,TRUE,FALSE,"inThreat",3.111111111,2.888888889,1.166666667,4.5
"140","p140","default","",151.939,1619715758593,1619715910532,2,"4/29/21 14:02","Aceito",1,1,1,5,5,5,5,5,1,1,1,8,1,1,1,"4/29/21 14:08",5,5,1,5,5,5,5,5,5,1,1,1,1,1,1,"Pardo","Feminino","Classe Baixa","Paudalho, próx a entrada da usi","1º ano - Ensino Médio Técnico",FALSE,FALSE,TRUE,"neutro",3.222222222,4.555555556,2.166666667,1
"141","p141","stMale","male4enem",114.94,1619716184915,1619716299855,6,"4/29/21 14:08","Aceito",2,3,3,4,4,5,4,5,5,8,8,8,1,3,1,"4/29/21 14:14",4,5,1,4,5,3,3,1,3,8,8,1,1,1,8,"Pardo","Feminino","Classe Baixa","Paudalho","1º ano - Ensino Médio Técnico",FALSE,TRUE,FALSE,"inThreat",3.888888889,3.222222222,4.833333333,4.5
"142","p142","stMale","male4enem",442.003,1620155306812,1620155748815,13,"5/4/21 16:03","Aceito",4,4,4,5,4,4,5,5,5,8,8,8,8,8,8,"5/4/21 16:20",4,5,4,4,5,5,5,5,5,8,8,8,8,8,8,"Pardo","Masculino","Classe Média","Carpi PE","1º ano - Ensino Médio Técnico",TRUE,FALSE,FALSE,"inBoost",4.444444444,4.666666667,8,8
