"","stType","gender","X","ID","boostId","time.s.","startTime","endTime","points","subDate.resp","TCLE","dfs.i10","dfs.i20","dfs.i4","dfs.i21","dfs.i32","dfs.i24","dfs.i7","dfs.i17","dfs.i36","pre.c1","pre.c2","pre.c3","pre.c4","pre.c5","pre.c6","subDate.pos","fss.i4","fss.i7","fss.i10","fss.i11","fss.i17","fss.i21","fss.i24","fss.i27","fss.i32","pos.c1","pos.c2","pos.c3","pos.c4","pos.c5","pos.c6","etnia","economic.class","city","edLevel","inBoost","inThreat","notInTreatAndNotInBoost","condicao","dfs","fss","autoeficacia.pre","autoeficacia.pos","std.autoeficacia.pos"
"1","default","Feminino",14,"p14",NA,27.094,1620126554844,1620126581938,1,"2021-05-04 08:09:13","Aceito",3,2,4,2,4,2,4,3,2,7,3,5,6,6,6,"2021-05-04 08:10:21",4,4,4,4,4,4,4,4,4,4,4,4,4,4,4,"Negro","Classe Média",NA,"2º ano - Ensino Médio Técnico",FALSE,FALSE,TRUE,"neutro",2.88888888888889,4,5.5,4,-2.23606797749979
"2","default","Feminino",35,"p35",NA,265.217,1620151495115,1620151760332,14,"2021-05-04 15:04:53","Aceito",3,3,3,5,4,3,2,2,3,8,8,8,8,8,7,"2021-05-04 15:13:40",5,5,4,4,3,5,4,2,2,8,5,6,8,4,4,"Pardo","Classe Média","Carpi","2º ano - Ensino Médio Técnico",FALSE,FALSE,TRUE,"neutro",3.11111111111111,3.77777777777778,7.83333333333333,5.83333333333333,-1.77951304200522
"3","default","Feminino",43,"p43",NA,278.712,1620227798912,1620228077624,16,"2021-05-05 12:16:33","Aceito",3,4,4,5,4,4,5,4,5,8,8,8,8,8,8,"2021-05-05 12:25:28",5,5,5,5,5,5,5,5,5,8,8,8,8,8,8,"Negro","Classe Média","Araçoiaba- PE","3º ano - Ensino Médio Técnico",FALSE,FALSE,TRUE,"neutro",4.22222222222222,5,8,8,-1
"4","default","Feminino",52,"p52",NA,147.414,1619836949913,1619837097327,11,"2021-04-30 23:42:40","Aceito",2,1,3,5,5,4,1,5,5,2,4,7,8,6,6,"2021-04-30 23:47:00",3,5,3,4,1,5,5,5,5,3,4,3,7,8,7,"Pardo","Classe Baixa","Carpi - Permbuco","3º ano - Ensino Médio Técnico",FALSE,FALSE,TRUE,"neutro",3.44444444444444,4,5.5,5.33333333333333,-1.91485421551268
"5","default","Feminino",56,"p56",NA,103.844,1619715425174,1619715529018,4,"2021-04-29 13:57:03","Aceito",3,3,3,4,4,4,4,4,3,5,5,5,5,5,5,"2021-04-29 14:29:15",4,5,3,3,3,3,4,3,4,5,7,7,6,5,6,"Pardo","Classe Média","Paudalho","1º ano - Ensino Médio Técnico",FALSE,FALSE,TRUE,"neutro",3.55555555555556,3.55555555555556,5,6,-1.73205080756888
"6","default","Feminino",61,"p61",NA,177.307,1619716986493,1619717163800,6,"2021-04-29 14:23:03","Aceito",3,2,2,3,3,2,1,5,5,4,5,5,6,7,8,"2021-04-29 14:32:31",4,2,3,2,2,4,3,2,4,6,1,5,7,4,3,"Pardo","Classe Média","paudalho","1º ano - Ensino Médio Técnico",FALSE,FALSE,TRUE,"neutro",2.88888888888889,2.88888888888889,5.83333333333333,4.33333333333333,-2.16024689946929
"7","default","Feminino",75,"p75",NA,283.066,1619803898938,1619804182004,12,"2021-04-30 14:31:38","Aceito",5,3,4,5,5,5,3,3,5,7,7,7,5,5,5,"2021-04-30 14:42:42",4,3,4,4,1,5,5,4,5,8,8,7,8,5,6,"Pardo","Classe Média","Carpi- PE","2º ano - Ensino Médio Técnico",FALSE,FALSE,TRUE,"neutro",4.22222222222222,3.88888888888889,6,7,-1.4142135623731
"8","default","Feminino",81,"p81",NA,394.778,1619809400798,1619809795576,16,"2021-04-30 16:05:46","Aceito",5,2,3,4,4,3,1,5,5,8,8,8,7,7,8,"2021-04-30 16:17:52",4,2,5,5,3,5,4,3,5,8,8,8,8,8,8,"Branco","Classe Média","Tracunhaém","2º ano - Ensino Médio Técnico",FALSE,FALSE,TRUE,"neutro",3.55555555555556,4,7.66666666666667,8,-1
"9","default","Feminino",82,"p82",NA,394.778,1619809400798,1619809795576,16,"2021-04-30 16:04:08","Aceito",5,2,3,4,4,3,1,5,5,8,8,8,7,7,8,"2021-04-30 16:17:52",4,2,5,5,3,5,4,3,5,8,8,8,8,8,8,"Branco","Classe Média","Tracunhaém","2º ano - Ensino Médio Técnico",FALSE,FALSE,TRUE,"neutro",3.55555555555556,4,7.66666666666667,8,-1
"10","default","Feminino",99,"p99",NA,220.268,1620146789742,1620147010010,12,"2021-05-04 13:46:27","Aceito",3,4,5,4,4,5,4,5,3,8,8,8,7,8,7,"2021-05-04 13:53:11",4,4,2,2,5,3,4,4,5,7,8,5,6,1,4,"Pardo","Classe Média","carpi","1º ano - Ensino Médio Técnico",FALSE,FALSE,TRUE,"neutro",4.11111111111111,3.66666666666667,7.66666666666667,5.16666666666667,-1.95789002074512
"11","default","Feminino",118,"p118",NA,167.508,1620148131646,1620148299154,10,"2021-05-04 14:08:51","Aceito",3,3,4,4,4,3,4,3,4,5,5,6,6,5,5,"2021-05-04 14:15:00",3,4,4,3,2,4,5,5,4,8,5,6,5,5,7,"Branco","Classe Média","araçoiaba","1º ano - Ensino Médio Técnico",FALSE,FALSE,TRUE,"neutro",3.55555555555556,3.77777777777778,5.33333333333333,6,-1.73205080756888
"12","default","Feminino",127,"p127",NA,108.346,1620146742077,1620146850423,4,"2021-05-04 13:45:39","Aceito",4,5,5,5,5,3,5,5,5,8,8,8,8,8,8,"2021-05-04 13:48:57",5,5,4,5,5,5,3,2,4,5,3,4,3,3,2,"Pardo","Classe Baixa","Lagoa de itaenga","1º ano - Ensino Médio Técnico",FALSE,FALSE,TRUE,"neutro",4.66666666666667,4.22222222222222,8,3.68333333333334,-2.38047614284762
"13","default","Feminino",128,"p128",NA,275.79,1620149737892,1620150013682,12,"2021-05-04 14:35:37","Aceito",3,4,4,2,4,2,4,3,5,8,8,8,7,8,8,"2021-05-04 14:43:51",4,5,3,3,2,5,4,4,5,8,7,7,7,4,7,"Branco","Classe Baixa",NA,"2º ano - Ensino Médio Técnico",FALSE,FALSE,TRUE,"neutro",3.44444444444444,3.88888888888889,7.83333333333333,6.66666666666667,-1.52752523165195
"14","default","Feminino",129,"p129",NA,182.952,1620146970014,1620147152966,3,"2021-05-04 13:49:46","Aceito",4,3,3,4,4,4,3,4,3,6,6,5,5,6,6,"2021-05-04 13:58:33",3,3,2,1,1,2,2,1,1,6,6,7,7,3,6,"Branco","Classe Baixa","Carpi","1º ano - Ensino Médio Técnico",FALSE,FALSE,TRUE,"neutro",3.55555555555556,1.77777777777778,5.66666666666667,5.83333333333333,-1.77951304200522
"15","default","Feminino",140,"p140",NA,151.939,1619715758593,1619715910532,2,"2021-04-29 14:02:36","Aceito",1,1,1,5,5,5,5,5,1,1,1,8,1,1,1,"2021-04-29 14:08:51",5,5,1,5,5,5,5,5,5,1,1,1,1,1,1,"Pardo","Classe Baixa","Paudalho, próx a entrada da usi","1º ano - Ensino Médio Técnico",FALSE,FALSE,TRUE,"neutro",3.22222222222222,4.55555555555556,4.15,3.68333333333334,-2.82842712474619
"16","default","Masculino",17,"p17",NA,290.597,1620149496614,1620149787211,12,"2021-05-04 14:31:36","Aceito",5,5,5,4,4,5,5,3,5,8,8,8,8,8,8,"2021-05-04 14:38:27",3,5,4,3,3,4,4,4,4,8,8,8,3,1,1,"Negro","Classe Média","Carpi PE","2º ano - Ensino Médio Técnico",FALSE,FALSE,TRUE,"neutro",4.55555555555556,3.77777777777778,8,4.83333333333333,-2.04124145231932
"17","default","Masculino",18,"p18",NA,169.277,1619809804544,1619809973821,15,"2021-04-30 16:04:07","Aceito",5,3,3,4,4,5,5,5,5,8,8,8,6,8,6,"2021-04-30 16:18:35",5,5,5,5,5,5,5,5,5,8,8,8,8,8,8,"Pardo","Classe Média","Araçoiaba","2º ano - Ensino Médio Técnico",FALSE,FALSE,TRUE,"neutro",4.33333333333333,5,7.33333333333333,8,-1
"18","default","Masculino",21,"p21",NA,287.373,1620147109280,1620147396653,11,"2021-05-04 13:51:43","Aceito",3,4,3,5,4,4,1,4,5,8,8,8,7,7,4,"2021-05-04 13:59:54",2,5,4,5,5,4,5,3,4,8,3,2,8,1,8,"Amarelo","Classe Baixa","lagoa do itaenga","1º ano - Ensino Médio Técnico",FALSE,FALSE,TRUE,"neutro",3.66666666666667,4.11111111111111,7,5,-2
"19","default","Masculino",25,"p25",NA,314.21,1619802968480,1619803282690,13,"2021-04-30 14:16:03","Aceito",4,2,4,5,4,4,3,3,4,6,6,8,8,8,8,"2021-04-30 14:22:20",4,4,4,3,5,3,5,4,5,7,7,8,5,8,6,"Pardo","Classe Média","Carpi PE","3º ano - Ensino Médio Técnico",FALSE,FALSE,TRUE,"neutro",3.66666666666667,4.11111111111111,7.33333333333333,6.83333333333333,-1.47196014438798
"20","default","Masculino",26,"p26",NA,314.21,1619802968480,1619803282690,13,"2021-04-30 14:15:28","Aceito",4,2,4,5,4,4,3,3,4,6,6,8,8,8,8,"2021-04-30 14:22:20",4,4,4,3,5,3,5,4,5,7,7,8,5,8,6,"Pardo","Classe Média","Carpi PE","3º ano - Ensino Médio Técnico",FALSE,FALSE,TRUE,"neutro",3.66666666666667,4.11111111111111,7.33333333333333,6.83333333333333,-1.47196014438798
"21","default","Masculino",39,"p39",NA,358.679,1620157612216,1620157970895,11,"2021-05-04 16:47:01","Aceito",3,1,4,4,5,4,1,3,4,8,8,8,8,6,7,"2021-05-04 16:57:11",4,5,4,3,3,4,5,4,5,8,7,6,7,6,6,"Pardo","Classe Média","Lagoa de Itaenga","2º ano - Ensino Médio Técnico",FALSE,FALSE,TRUE,"neutro",3.22222222222222,4.11111111111111,7.5,6.66666666666667,-1.52752523165195
"22","default","Masculino",41,"p41",NA,272.729,1620146891206,1620147163935,15,"2021-05-04 13:48:29","Aceito",3,2,3,4,4,3,2,3,5,8,8,8,8,5,7,"2021-05-04 13:57:11",4,2,3,2,3,3,3,3,4,8,8,7,7,5,6,"Negro","Classe Média","Carpi","1º ano - Ensino Médio Técnico",FALSE,FALSE,TRUE,"neutro",3.22222222222222,3,7.33333333333333,6.83333333333333,-1.47196014438798
"23","default","Masculino",51,"p51",NA,351.77,1619716644364,1619716996134,11,"2021-04-29 14:15:14","Aceito",3,2,4,5,3,4,3,2,5,4,3,2,1,1,4,"2021-04-29 14:26:51",4,4,3,2,2,3,3,3,4,5,3,3,4,3,3,"Pardo","Classe Média","Paudalho - Permbuco","1º ano - Ensino Médio Técnico",FALSE,FALSE,TRUE,"neutro",3.44444444444444,3.11111111111111,5,4.53333333333333,-2.34520787991171
"24","default","Masculino",60,"p60",NA,214.881,1619715426212,1619715641093,13,"2021-04-29 13:57:02","Aceito",1,2,1,3,3,3,1,5,1,8,8,8,8,7,6,"2021-04-29 14:02:42",1,5,5,3,3,3,1,1,1,8,4,6,5,5,1,"Branco","Classe Média","Paudalho","1º ano - Ensino Médio Técnico",FALSE,FALSE,TRUE,"neutro",2.22222222222222,2.55555555555556,7.5,4.83333333333333,-2.04124145231932
"25","default","Masculino",72,"p72",NA,360.825,1619714802555,1619715163380,14,"2021-04-29 13:41:08","Aceito",5,4,4,3,5,5,1,5,5,8,8,8,8,8,8,"2021-04-29 14:02:01",5,5,3,5,3,5,5,4,2,8,8,8,8,7,8,"Branco","Classe Média","JARDIM BRASIL oLINDA","2º ano - Ensino Médio Técnico",FALSE,FALSE,TRUE,"neutro",4.11111111111111,4.11111111111111,8,7.83333333333333,-1.08012344973464
"26","default","Masculino",77,"p77",NA,388.422,1619829720506,1619830108928,14,"2021-04-30 21:41:59","Aceito",5,5,5,5,5,5,5,5,5,8,8,8,8,8,8,"2021-04-30 21:53:00",5,5,5,4,4,5,5,5,5,8,8,8,8,8,8,"Amarelo","Classe Média","Carpi","3º ano - Ensino Médio Técnico",FALSE,FALSE,TRUE,"neutro",5,4.77777777777778,8,8,-1
"27","default","Masculino",87,"p87",NA,273.339,1619804968820,1619805242159,13,"2021-04-30 14:49:28","Aceito",3,2,4,3,4,4,1,5,4,8,8,8,8,5,6,"2021-04-30 14:56:49",5,2,3,2,3,5,4,4,5,8,8,8,8,1,8,"Pardo","Classe Média","Carpi","2º ano - Ensino Médio Técnico",FALSE,FALSE,TRUE,"neutro",3.33333333333333,3.66666666666667,7.16666666666667,6.83333333333333,-1.47196014438798
"28","default","Masculino",106,"p106",NA,291.052,1619714172840,1619714463892,12,"2021-04-29 13:36:09","Aceito",3,3,2,5,3,2,4,5,2,6,6,7,4,4,3,"2021-04-29 13:44:03",3,2,2,4,5,5,4,3,2,5,6,7,5,7,5,"Pardo","Classe Média","Paudalho","2º ano - Ensino Médio Técnico",FALSE,FALSE,TRUE,"neutro",3.22222222222222,3.33333333333333,5,5.83333333333333,-1.77951304200522
"29","default","Masculino",107,"p107",NA,292.125,1619714172840,1619714464965,12,"2021-04-29 13:36:09","Aceito",3,3,2,5,3,2,4,5,2,6,6,7,4,4,3,"2021-04-29 13:44:03",3,2,2,4,5,5,4,3,2,5,6,7,5,7,5,"Pardo","Classe Média","Paudalho","2º ano - Ensino Médio Técnico",FALSE,FALSE,TRUE,"neutro",3.22222222222222,3.33333333333333,5,5.83333333333333,-1.77951304200522
"30","default","Masculino",112,"p112",NA,326.475,1619715775330,1619716101805,15,"2021-04-29 14:02:53","Aceito",3,2,2,5,4,4,5,5,3,5,7,6,6,8,6,"2021-04-29 14:13:41",4,5,4,3,1,5,4,3,5,7,2,7,6,3,2,"Branco","Classe Baixa","Paudalho","1º ano - Ensino Médio Técnico",FALSE,FALSE,TRUE,"neutro",3.66666666666667,3.77777777777778,6.33333333333333,4.53333333333333,-2.12132034355964
"31","default","Masculino",116,"p116",NA,448.879,1620148440976,1620148889855,11,"2021-05-04 14:13:46","Aceito",5,2,2,4,5,3,4,4,3,8,8,8,8,8,8,"2021-05-04 14:33:50",3,5,4,3,4,3,3,4,5,8,8,8,8,5,8,"Branco","Classe Baixa","Carpi","1º ano - Ensino Médio Técnico",FALSE,FALSE,TRUE,"neutro",3.55555555555556,3.77777777777778,8,7.5,-1.22474487139159
"32","default","Masculino",117,"p117",NA,362.206,1620147096610,1620147458816,18,"2021-05-04 13:50:45","Aceito",4,3,2,2,3,3,1,1,3,8,8,8,8,8,8,"2021-05-04 14:00:52",5,3,4,1,1,5,5,4,5,8,8,8,8,8,8,"Pardo","Classe Média","Carpi","1º ano - Ensino Médio Técnico",FALSE,FALSE,TRUE,"neutro",2.44444444444444,3.66666666666667,8,8,-1
"33","default","Masculino",122,"p122",NA,408.339,1620146732098,1620147140437,18,"2021-05-04 13:45:30","Aceito",3,2,3,5,4,1,5,5,5,8,8,8,8,8,8,"2021-05-04 13:55:36",5,5,5,5,1,5,1,5,5,8,8,7,8,5,6,"Pardo","Classe Média","Carpi","1º ano - Ensino Médio Técnico",FALSE,FALSE,TRUE,"neutro",3.66666666666667,4.11111111111111,8,7,-1.4142135623731
"34","default","Masculino",124,"p124",NA,38.154,1620146780889,1620146819043,3,"2021-05-04 13:46:36","Aceito",3,1,4,4,4,3,2,3,5,8,8,8,3,8,1,"2021-05-04 13:49:11",3,5,4,1,5,5,4,5,4,8,4,7,4,4,7,"Pardo","Classe Baixa","Lagoa do carro","1º ano - Ensino Médio Técnico",FALSE,FALSE,TRUE,"neutro",3.22222222222222,4,6,5.66666666666667,-1.82574185835055
"35","default","Masculino",130,"p130",NA,171.647,1620147207959,1620147379606,13,"2021-05-04 13:51:23","Aceito",5,4,5,5,5,4,4,3,5,8,8,8,8,7,7,"2021-05-04 13:57:54",5,5,4,3,5,4,4,4,4,7,7,8,7,7,7,"Pardo","Classe Média","Carpi-pe","1º ano - Ensino Médio Técnico",FALSE,FALSE,TRUE,"neutro",4.44444444444444,4.22222222222222,7.66666666666667,7.16666666666667,-1.35400640077266
"36","default","Masculino",131,"p131",NA,171.647,1620147207959,1620147379606,13,"2021-05-04 13:50:30","Aceito",5,4,5,5,5,4,4,3,5,8,8,8,8,7,7,"2021-05-04 13:57:54",5,5,4,3,5,4,4,4,4,7,7,8,7,7,7,"Pardo","Classe Média","Carpi-pe","1º ano - Ensino Médio Técnico",FALSE,FALSE,TRUE,"neutro",4.44444444444444,4.22222222222222,7.66666666666667,7.16666666666667,-1.35400640077266
"37","default","Masculino",132,"p132",NA,171.647,1620147207959,1620147379606,13,"2021-05-04 13:53:27","Aceito",5,4,5,5,5,4,4,3,5,7,7,8,7,7,7,"2021-05-04 13:57:54",5,5,4,3,5,4,4,4,4,7,7,8,7,7,7,"Pardo","Classe Média","Carpi-pe","1º ano - Ensino Médio Técnico",FALSE,FALSE,TRUE,"neutro",4.44444444444444,4.22222222222222,7.16666666666667,7.16666666666667,-1.35400640077266
"38","default","Masculino",133,"p133",NA,274.124,1620147157540,1620147431664,11,"2021-05-04 13:52:36","Aceito",3,3,4,5,5,3,2,3,4,7,5,6,7,5,6,"2021-05-04 14:00:18",3,5,3,4,1,3,4,5,2,8,7,5,8,5,4,"Pardo","Classe Média","Carpi","1º ano - Ensino Médio Técnico",FALSE,FALSE,TRUE,"neutro",3.55555555555556,3.33333333333333,6,6.16666666666667,-1.68325082306035
"39","stFemale","Feminino",22,"p22","female4math",190.557,1619811081811,1619811272368,11,"2021-04-30 16:31:19","Aceito",4,4,5,5,5,5,4,5,4,8,8,8,8,5,5,"2021-04-30 16:37:49",5,4,3,4,2,4,5,3,5,6,7,6,3,3,4,"Pardo","Classe Média","Araçoiaba","1º ano - Ensino Médio Técnico",TRUE,FALSE,FALSE,"inBoost",4.55555555555556,3.88888888888889,7,4.83333333333333,-2.04124145231932
"40","stFemale","Feminino",24,"p24","female4trigemeas",372.012,1619802991593,1619803363605,15,"2021-04-30 14:16:20","Aceito",2,1,1,3,3,2,3,4,3,8,8,8,8,8,8,"2021-04-30 14:27:02",5,1,2,3,4,5,3,2,5,8,8,7,8,1,6,"Branco","Classe Média","Lagoa do Carro","3º ano - Ensino Médio Técnico",TRUE,FALSE,FALSE,"inBoost",2.44444444444444,3.33333333333333,7.81666666666667,6.33333333333333,-1.63299316185545
"41","stFemale","Feminino",31,"p31","female4bolsas",247.075,1620147260144,1620147507219,12,"2021-05-04 13:54:36","Aceito",4,3,2,4,3,3,2,2,4,5,4,3,5,4,3,"2021-05-04 14:01:33",5,2,2,4,4,4,5,4,5,8,8,8,8,1,8,"Pardo","Classe Média","Carpi","1º ano - Ensino Médio Técnico",TRUE,FALSE,FALSE,"inBoost",3,3.88888888888889,4,6.83333333333333,-1.47196014438798
"42","stFemale","Feminino",36,"p36","female4math",75.487,1620048887416,1620048962903,7,"2021-05-03 10:28:58","Aceito",3,3,3,3,3,3,3,3,3,6,6,6,7,8,8,"2021-05-03 10:31:49",5,5,4,4,4,4,4,4,5,5,6,6,7,8,7,"Branco","Classe Alta","capi","1º ano - Ensino Médio Técnico",TRUE,FALSE,FALSE,"inBoost",3,4.33333333333333,6.83333333333333,6.5,-1.58113883008419
"43","stFemale","Feminino",55,"p55","female4bolsas",244.243,1620147117665,1620147361908,4,"2021-05-04 13:53:44","Aceito",4,1,5,5,5,5,4,5,5,3,6,4,2,2,2,"2021-05-04 14:02:39",4,3,3,3,4,4,2,4,5,6,2,7,2,1,7,"Branco","Classe Média","LAGOA DE ITAENGA","1º ano - Ensino Médio Técnico",TRUE,FALSE,FALSE,"inBoost",4.33333333333333,3.55555555555556,3.625,4.16666666666667,-2.19848432637882
"44","stFemale","Feminino",57,"p57","female4trigemeas",68.142,1620147315660,1620147383802,5,"2021-05-04 13:55:13","Aceito",4,5,3,5,3,4,5,5,5,5,6,8,5,4,6,"2021-05-04 13:57:16",5,4,5,4,5,4,5,4,5,5,5,5,6,5,6,"Pardo","Classe Média","Tracunhaém","1º ano - Ensino Médio Técnico",TRUE,FALSE,FALSE,"inBoost",4.33333333333333,4.55555555555556,5.66666666666667,5.33333333333333,-1.91485421551268
"45","stFemale","Feminino",58,"p58","female4bolsas",311.647,1619804978571,1619805290218,14,"2021-04-30 14:49:33","Aceito",3,2,3,5,4,3,3,4,3,8,8,8,7,7,6,"2021-04-30 15:00:12",3,5,3,2,4,3,3,3,4,8,5,6,7,4,4,"Pardo","Classe Baixa","carpi","1º ano - Ensino Médio Técnico",TRUE,FALSE,FALSE,"inBoost",3.33333333333333,3.33333333333333,7.33333333333333,5.66666666666667,-1.82574185835055
"46","stFemale","Feminino",59,"p59","female4bolsas",240.91,1619715892101,1619716133011,16,"2021-04-29 14:04:46","Aceito",3,2,4,5,5,3,2,3,4,8,8,8,7,7,6,"2021-04-29 14:33:47",4,3,3,3,2,5,4,3,4,8,7,7,6,7,7,"Negro","Classe Média","Paudalho- PE","1º ano - Ensino Médio Técnico",TRUE,FALSE,FALSE,"inBoost",3.44444444444444,3.44444444444444,7.33333333333333,7,-1.4142135623731
"47","stFemale","Feminino",74,"p74","female4trigemeas",219.806,1619653302804,1619653522610,9,"2021-04-28 20:41:34","Aceito",1,1,1,1,1,1,1,1,1,8,7,7,8,7,7,"2021-04-28 20:46:28",5,5,5,5,5,5,5,5,5,8,8,8,7,7,7,"Branco","Classe Baixa","carpi","3º ano - Ensino Médio Técnico",TRUE,FALSE,FALSE,"inBoost",1,5,7.33333333333333,7.5,-1.22474487139159
"48","stFemale","Feminino",90,"p90","female4bolsas",129.907,1620147083272,1620147213179,3,"2021-05-04 13:51:52","Aceito",4,1,5,5,5,5,5,4,5,8,7,8,8,7,8,"2021-05-04 13:55:40",5,5,5,5,5,5,5,5,5,8,8,7,7,8,8,"Pardo","Classe Média","Carpi","1º ano - Ensino Médio Técnico",TRUE,FALSE,FALSE,"inBoost",4.33333333333333,5,7.66666666666667,7.575,-1.15470053837925
"49","stFemale","Feminino",119,"p119","female4trigemeas",262.578,1620147447694,1620147710272,13,"2021-05-04 13:57:29","Aceito",2,3,2,4,3,4,2,4,5,8,8,8,8,8,1,"2021-05-04 14:05:17",1,5,4,4,5,1,1,5,4,8,8,2,2,1,1,"Branco","Classe Média","zaré Da Mata","1º ano - Ensino Médio Técnico",TRUE,FALSE,FALSE,"inBoost",3.22222222222222,3.33333333333333,6.83333333333333,3.94916666666667,-2.3094010767585
"50","stFemale","Feminino",123,"p123","female4bolsas",339.941,1620147137257,1620147477198,14,"2021-05-04 13:52:18","Aceito",3,4,3,2,2,3,4,4,5,7,8,7,6,8,6,"2021-05-04 14:02:02",4,4,3,5,4,2,4,4,5,8,8,4,7,2,6,"Branco","Classe Média","Carpi","1º ano - Ensino Médio Técnico",TRUE,FALSE,FALSE,"inBoost",3.33333333333333,3.88888888888889,7,5.83333333333333,-1.77951304200522
"51","stFemale","Masculino",5,"p05","female4math",171.267,1620148877169,1620149048436,13,"2021-05-04 14:09:02","Aceito",4,4,3,4,3,4,3,4,3,8,8,8,8,6,6,"2021-05-04 14:17:47",5,5,3,5,1,3,3,3,3,8,8,8,8,4,3,"Branco","Classe Baixa","carpi","1º ano - Ensino Médio Técnico",FALSE,TRUE,FALSE,"inThreat",3.55555555555556,3.44444444444444,7.33333333333333,6.5,-1.58113883008419
"52","stFemale","Masculino",6,"p06","female4math",171.267,1620148877169,1620149048436,13,"2021-05-04 14:09:02","Aceito",4,4,3,4,3,4,3,4,3,8,8,8,8,6,6,"2021-05-04 14:25:46",5,5,3,3,1,3,5,3,3,8,8,8,8,4,3,"Branco","Classe Baixa","Carpi","1º ano - Ensino Médio Técnico",FALSE,TRUE,FALSE,"inThreat",3.55555555555556,3.44444444444444,7.33333333333333,6.5,-1.58113883008419
"53","stFemale","Masculino",7,"p07","female4math",171.267,1620148877169,1620149048436,13,"2021-05-04 14:01:07","Aceito",4,4,4,4,3,4,3,4,3,8,8,8,8,7,7,"2021-05-04 14:17:47",5,5,3,5,1,3,3,3,3,8,8,8,8,4,3,"Branco","Classe Baixa","carpi","1º ano - Ensino Médio Técnico",FALSE,TRUE,FALSE,"inThreat",3.66666666666667,3.44444444444444,7.66666666666667,6.5,-1.58113883008419
"54","stFemale","Masculino",8,"p08","female4math",171.267,1620148877169,1620149048436,13,"2021-05-04 14:01:07","Aceito",4,4,4,4,3,4,3,4,3,8,8,8,8,7,7,"2021-05-04 14:25:46",5,5,3,3,1,3,5,3,3,8,8,8,8,4,3,"Branco","Classe Baixa","Carpi","1º ano - Ensino Médio Técnico",FALSE,TRUE,FALSE,"inThreat",3.66666666666667,3.44444444444444,7.66666666666667,6.5,-1.58113883008419
"55","stFemale","Masculino",11,"p11","female4math",171.267,1620148877169,1620149048436,13,"2021-05-04 14:21:36","Aceito",4,4,3,4,3,4,3,4,4,8,8,8,6,6,5,"2021-05-04 14:17:47",5,5,3,5,1,3,3,3,3,8,8,8,8,4,3,"Branco","Classe Baixa","carpi","1º ano - Ensino Médio Técnico",FALSE,TRUE,FALSE,"inThreat",3.66666666666667,3.44444444444444,6.83333333333333,6.5,-1.58113883008419
"56","stFemale","Masculino",12,"p12","female4math",171.267,1620148877169,1620149048436,13,"2021-05-04 14:21:36","Aceito",4,4,3,4,3,4,3,4,4,8,8,8,6,6,5,"2021-05-04 14:25:46",5,5,3,3,1,3,5,3,3,8,8,8,8,4,3,"Branco","Classe Baixa","Carpi","1º ano - Ensino Médio Técnico",FALSE,TRUE,FALSE,"inThreat",3.66666666666667,3.44444444444444,6.83333333333333,6.5,-1.58113883008419
"57","stFemale","Masculino",15,"p15","female4trigemeas",458.785,1620149636907,1620150095692,14,"2021-05-04 14:32:14","Aceito",5,4,4,4,4,4,3,3,5,8,8,8,8,8,3,"2021-05-04 14:44:41",4,2,4,3,3,5,4,4,5,8,8,7,4,3,3,"Negro","Classe Baixa","zaré da Mata","2º ano - Ensino Médio Técnico",FALSE,TRUE,FALSE,"inThreat",4,3.77777777777778,7.16666666666667,5.5,-1.87082869338697
"58","stFemale","Masculino",16,"p16","female4trigemeas",458.785,1620149636907,1620150095692,14,"2021-05-04 14:34:14","Aceito",5,4,4,4,4,4,3,3,5,8,8,8,8,8,3,"2021-05-04 14:44:41",4,2,4,3,3,5,4,4,5,8,8,7,4,3,3,"Negro","Classe Baixa","zaré da Mata","2º ano - Ensino Médio Técnico",FALSE,TRUE,FALSE,"inThreat",4,3.77777777777778,7.16666666666667,5.5,-1.87082869338697
"59","stFemale","Masculino",20,"p20","female4trigemeas",270.65,1620149555186,1620149825836,16,"2021-05-04 14:32:53","Aceito",4,3,2,4,3,3,1,2,4,7,6,7,5,7,6,"2021-05-04 14:42:38",4,5,3,4,1,4,5,3,2,8,8,8,8,6,8,"Pardo","Classe Baixa","Carpi","2º ano - Ensino Médio Técnico",FALSE,TRUE,FALSE,"inThreat",2.88888888888889,3.44444444444444,6.33333333333333,7.66666666666667,-1.15470053837925
"60","stFemale","Masculino",30,"p30","female4trigemeas",405.027,1619809446974,1619809852001,15,"2021-04-30 16:04:04","Aceito",5,3,3,4,3,3,5,5,5,8,8,8,7,8,8,"2021-04-30 16:14:48",5,5,5,4,2,5,5,5,5,8,8,8,8,8,8,"Amarelo","Classe Baixa","Lagoa De Itaenga","2º ano - Ensino Médio Técnico",FALSE,TRUE,FALSE,"inThreat",4,4.55555555555556,7.83333333333333,8,-1
"61","stFemale","Masculino",34,"p34","female4trigemeas",199.696,1620149442104,1620149641800,6,"2021-05-04 14:30:40","Aceito",4,3,2,4,4,3,4,5,5,8,8,8,6,6,5,"2021-05-04 14:36:18",3,4,2,2,5,3,2,3,3,8,8,6,7,6,7,"Branco","Classe Média","Carpi","2º ano - Ensino Médio Técnico",FALSE,TRUE,FALSE,"inThreat",3.77777777777778,3,6.83333333333333,7,-1.4142135623731
"62","stFemale","Masculino",45,"p45","female4math",92.905,1620146951875,1620147044780,4,"2021-05-04 13:49:06","Aceito",4,2,4,5,5,4,5,4,5,2,6,6,5,4,5,"2021-05-04 13:52:30",4,4,3,2,4,5,4,3,2,4,7,6,8,7,6,"Pardo","Classe Baixa","Carpi","1º ano - Ensino Médio Técnico",FALSE,TRUE,FALSE,"inThreat",4.22222222222222,3.44444444444444,4.66666666666667,6.33333333333333,-1.63299316185545
"63","stFemale","Masculino",62,"p62","female4bolsas",768.621,1620147822156,1620148590777,15,"2021-05-04 14:03:39","Aceito",3,2,3,3,4,4,2,5,3,2,8,6,8,1,8,"2021-05-04 14:24:24",5,3,3,3,3,4,3,3,3,8,8,8,8,2,1,"Branco","Classe Média","Carpi","1º ano - Ensino Médio Técnico",FALSE,TRUE,FALSE,"inThreat",3.22222222222222,3.33333333333333,5.5,5.83333333333333,-1.77951304200522
"64","stFemale","Masculino",64,"p64","female4trigemeas",120.627,1620147256143,1620147376770,2,"2021-05-04 13:54:15","Aceito",2,3,1,4,5,2,3,1,4,3,5,1,3,8,5,"2021-05-04 13:57:26",2,5,3,2,4,1,4,1,3,2,3,1,6,4,3,"Negro","Classe Média","Carpi/pe","1º ano - Ensino Médio Técnico",FALSE,TRUE,FALSE,"inThreat",2.77777777777778,2.77777777777778,4.16666666666667,4.14333333333333,-2.41522945769824
"65","stFemale","Masculino",70,"p70","female4trigemeas",538.665,1620154823326,1620155361991,9,"2021-05-04 16:01:16","Aceito",4,3,2,4,4,4,2,4,5,5,5,6,5,4,2,"2021-05-04 16:15:21",3,5,4,2,5,3,4,3,4,6,7,2,6,1,7,"Pardo","Classe Baixa","Carpi","2º ano - Ensino Médio Técnico",FALSE,TRUE,FALSE,"inThreat",3.55555555555556,3.66666666666667,4.5,4.83333333333333,-2.04124145231932
"66","stFemale","Masculino",71,"p71","female4trigemeas",265.956,1620149590002,1620149855958,12,"2021-05-04 14:33:27","Aceito",5,3,5,5,4,5,3,5,5,8,8,7,4,6,3,"2021-05-04 14:42:29",4,4,3,5,2,5,3,5,5,8,7,6,5,3,3,"Pardo","Classe Média","Carpi","2º ano - Ensino Médio Técnico",FALSE,TRUE,FALSE,"inThreat",4.44444444444444,4,6,5.33333333333333,-1.91485421551268
"67","stFemale","Masculino",73,"p73","female4trigemeas",255.959,1619716206746,1619716462705,9,"2021-04-29 14:10:02","Aceito",4,3,5,4,5,3,4,4,5,4,4,3,6,3,3,"2021-04-29 14:16:47",5,5,4,4,5,5,4,4,3,4,3,3,4,4,3,"Branco","Classe Baixa","PAUDALHO","2º ano - Ensino Médio Técnico",FALSE,TRUE,FALSE,"inThreat",4.11111111111111,4.33333333333333,3.96666666666667,4.14333333333333,-2.34520787991171
"68","stFemale","Masculino",78,"p78","female4bolsas",88.546,1620147499038,1620147587584,2,"2021-05-04 13:58:19","Aceito",4,1,5,5,5,3,4,4,5,8,8,1,8,4,1,"2021-05-04 14:00:53",5,3,5,4,5,5,5,5,5,7,8,6,5,5,5,"Amarelo","Classe Média","Carpi","1º ano - Ensino Médio Técnico",FALSE,TRUE,FALSE,"inThreat",4,4.66666666666667,5,6,-1.73205080756888
"69","stFemale","Masculino",80,"p80","female4bolsas",1853.976,1619834105492,1619835959468,19,"2021-04-30 22:55:01","Aceito",5,4,3,4,4,2,3,5,5,8,8,8,8,8,8,"2021-04-30 23:34:40",4,2,5,5,5,2,3,5,5,8,8,8,8,8,8,"Branco","Classe Média","carpi","3º ano - Ensino Médio Técnico",FALSE,TRUE,FALSE,"inThreat",3.88888888888889,4,7.93333333333333,8,-1
"70","stFemale","Masculino",83,"p83","female4math",258.046,1620147038383,1620147296429,13,"2021-05-04 13:50:37","Aceito",4,2,4,5,4,5,5,3,5,8,8,8,8,6,8,"2021-05-04 13:56:45",4,5,4,3,3,5,5,5,5,8,8,8,6,5,6,"Pardo","Classe Média","carpi","1º ano - Ensino Médio Técnico",FALSE,TRUE,FALSE,"inThreat",4.11111111111111,4.33333333333333,7.66666666666667,6.83333333333333,-1.47196014438798
"71","stFemale","Masculino",84,"p84","female4trigemeas",133.71,1620147565910,1620147699620,3,"2021-05-04 13:59:44","Aceito",4,2,3,5,5,4,3,4,5,4,5,4,4,5,4,"2021-05-04 14:03:18",3,4,4,4,4,5,4,5,4,5,6,6,5,6,5,"Pardo","Classe Média","Tracunhaém","1º ano - Ensino Médio Técnico",FALSE,TRUE,FALSE,"inThreat",3.88888888888889,4.11111111111111,4.33333333333333,5.5,-1.87082869338697
"72","stFemale","Masculino",89,"p89","female4bolsas",161.565,1620147118715,1620147280280,3,"2021-05-04 13:52:15","Aceito",4,2,4,5,3,4,3,4,2,8,8,4,3,3,8,"2021-05-04 13:56:20",4,3,4,3,4,4,3,4,5,6,8,3,8,7,5,"Pardo","Classe Média","Carpi","1º ano - Ensino Médio Técnico",FALSE,TRUE,FALSE,"inThreat",3.44444444444444,3.77777777777778,5.66666666666667,6.16666666666667,-1.68325082306035
"73","stFemale","Masculino",103,"p103","female4trigemeas",181.797,1620148305550,1620148487347,12,"2021-05-04 14:01:00","Aceito",3,1,4,4,5,5,5,1,5,8,8,8,8,1,1,"2021-05-04 14:19:44",5,5,5,4,5,5,5,5,5,8,4,5,8,5,5,"Branco","Classe Média","Carpi-PE.","1º ano - Ensino Médio Técnico",FALSE,TRUE,FALSE,"inThreat",3.66666666666667,4.88888888888889,5.66666666666667,5.83333333333333,-1.77951304200522
"74","stFemale","Masculino",108,"p108","female4math",254.822,1620146670446,1620146925268,11,"2021-05-04 13:45:34","Aceito",4,4,5,5,4,5,5,5,4,8,8,8,8,3,8,"2021-05-04 13:51:44",5,5,4,5,3,5,3,4,5,8,8,8,8,8,8,"Branco","Classe Média","Carpi","1º ano - Ensino Médio Técnico",FALSE,TRUE,FALSE,"inThreat",4.55555555555556,4.33333333333333,7.16666666666667,8,-1
"76","stFemale","Masculino",113,"p113","female4bolsas",193.355,1620147503092,1620147696447,12,"2021-05-04 13:58:38","Aceito",4,4,5,5,5,4,3,2,5,8,8,8,8,8,6,"2021-05-04 14:04:30",4,5,4,4,1,4,4,5,5,8,5,4,8,6,6,"Pardo","Classe Média","Carpi","1º ano - Ensino Médio Técnico",FALSE,TRUE,FALSE,"inThreat",4.11111111111111,4,7.66666666666667,6.16666666666667,-1.68325082306035
"77","stFemale","Masculino",114,"p114","female4trigemeas",254.721,1620148029071,1620148283792,14,"2021-05-04 14:07:16","Aceito",3,2,3,4,3,3,4,4,3,2,6,6,3,3,3,"2021-05-04 14:30:36",3,2,4,4,4,2,3,4,4,6,6,6,6,2,5,"Pardo","Classe Média","Carpi","1º ano - Ensino Médio Técnico",FALSE,TRUE,FALSE,"inThreat",3.22222222222222,3.33333333333333,3.96666666666667,5.16666666666667,-1.95789002074512
"78","stFemale","Masculino",115,"p115","female4trigemeas",202.538,1620143896695,1620144099233,10,"2021-05-04 13:56:42","Aceito",5,1,3,4,5,4,3,3,5,6,8,8,8,7,8,"2021-05-04 14:02:53",3,4,3,1,5,5,5,5,5,8,7,8,5,5,5,"Pardo","Classe Baixa","Lagoa de itaenga Pe","1º ano - Ensino Médio Técnico",FALSE,TRUE,FALSE,"inThreat",3.66666666666667,4,7.5,6.33333333333333,-1.63299316185545
"80","stMale","Feminino",23,"p23","male4enem",291.002,1620147223530,1620147514532,16,"2021-05-04 13:54:01","Aceito",3,3,4,4,3,3,4,4,4,6,7,6,6,6,4,"2021-05-04 14:03:15",3,5,4,3,3,4,4,3,4,7,5,7,6,5,6,"Pardo","Classe Média","Feira Nova","1º ano - Ensino Médio Técnico",FALSE,TRUE,FALSE,"inThreat",3.55555555555556,3.66666666666667,5.83333333333333,6,-1.73205080756888
"81","stMale","Feminino",33,"p33","male4stem",121.314,1620147511893,1620147633207,1,"2021-05-04 13:58:39","Aceito",2,1,5,5,5,2,3,2,5,7,8,8,8,1,7,"2021-05-04 14:04:28",5,5,1,3,1,5,1,3,5,8,8,3,8,8,1,"Branco","Classe Baixa","Carpi pe","1º ano - Ensino Médio Técnico",FALSE,TRUE,FALSE,"inThreat",3.33333333333333,3.22222222222222,6.5,6,-1.73205080756888
"83","stMale","Feminino",42,"p42","male4tpe",135.498,1620147409337,1620147544835,10,"2021-05-04 13:56:08","Aceito",4,4,5,4,5,4,3,5,4,8,8,8,8,7,2,"2021-05-04 14:00:19",4,3,4,5,4,4,4,4,3,7,4,3,4,5,6,"Pardo","Classe Média","Araçoiaba","1º ano - Ensino Médio Técnico",FALSE,TRUE,FALSE,"inThreat",4.22222222222222,3.88888888888889,6.83333333333333,4.83333333333333,-2.04124145231932
"85","stMale","Feminino",46,"p46","male4stem",230.14,1620149378860,1620149609000,15,"2021-05-04 14:29:56","Aceito",3,3,2,3,4,3,2,3,4,4,4,4,4,3,3,"2021-05-04 14:35:42",3,2,3,2,3,3,2,4,4,3,1,3,2,3,3,"Indíge","Classe Média","Araçoiaba","2º ano - Ensino Médio Técnico",FALSE,TRUE,FALSE,"inThreat",3,2.88888888888889,3.66666666666667,3.68333333333334,-2.54950975679639
"86","stMale","Feminino",47,"p47","male4stem",230.14,1620149378860,1620149609000,15,"2021-05-04 14:24:39","Aceito",3,3,2,3,4,3,2,3,4,4,4,4,4,3,3,"2021-05-04 14:35:42",3,2,3,2,3,3,2,4,4,3,1,3,2,3,3,"Indíge","Classe Média","Araçoiaba","2º ano - Ensino Médio Técnico",FALSE,TRUE,FALSE,"inThreat",3,2.88888888888889,3.66666666666667,3.68333333333334,-2.54950975679639
"88","stMale","Feminino",53,"p53","male4tpe",1200.882,1619715620442,1619716821324,4,"2021-04-29 14:00:27","Aceito",4,2,4,5,5,4,5,5,4,8,5,6,5,6,7,"2021-04-29 14:29:39",4,5,4,4,5,4,3,3,4,8,8,8,8,4,5,"Pardo","Classe Média","Paudalho- Pe","1º ano - Ensino Médio Técnico",FALSE,TRUE,FALSE,"inThreat",4.22222222222222,4,6.16666666666667,6.83333333333333,-1.47196014438798
"89","stMale","Feminino",54,"p54","male4tpe",1200.882,1619715620442,1619716821324,4,"2021-04-29 13:56:37","Aceito",4,2,4,5,5,4,5,5,4,8,5,6,5,6,7,"2021-04-29 14:29:39",4,5,4,4,5,4,3,3,4,8,8,8,8,4,5,"Pardo","Classe Média","Paudalho- Pe","1º ano - Ensino Médio Técnico",FALSE,TRUE,FALSE,"inThreat",4.22222222222222,4,6.16666666666667,6.83333333333333,-1.47196014438798
"92","stMale","Feminino",76,"p76","male4stem",113.915,1620148247641,1620148361556,12,"2021-05-04 14:10:43","Aceito",3,2,3,4,3,3,3,4,3,8,8,8,8,1,1,"2021-05-04 14:15:18",4,5,3,3,3,4,4,5,4,8,8,8,8,1,1,"Branco","Classe Média","Carpi","1º ano - Ensino Médio Técnico",FALSE,TRUE,FALSE,"inThreat",3.11111111111111,3.88888888888889,5.66666666666667,5.66666666666667,-1.82574185835055
"93","stMale","Feminino",98,"p98","male4stem",288.435,1619808725383,1619809013818,9,"2021-04-30 15:49:54","Aceito",2,4,4,2,5,4,3,4,5,8,8,8,7,7,7,"2021-04-30 15:57:26",4,3,3,1,4,4,5,4,5,8,7,7,6,7,6,"Negro","Classe Baixa","Tracunhaém","2º ano - Ensino Médio Técnico",FALSE,TRUE,FALSE,"inThreat",3.66666666666667,3.66666666666667,7.5,6.83333333333333,-1.47196014438798
"95","stMale","Feminino",135,"p135","male4enem",686.563,1620147795360,1620148481923,17,"2021-05-04 14:03:10","Aceito",3,4,2,2,4,4,1,5,4,4,6,5,5,3,2,"2021-05-04 14:20:19",5,1,1,3,2,3,3,3,4,8,8,1,4,1,4,"Pardo","Classe Baixa","carpi","1º ano - Ensino Médio Técnico",FALSE,TRUE,FALSE,"inThreat",3.22222222222222,2.77777777777778,4.16666666666667,4.33333333333333,-2.16024689946929
"96","stMale","Feminino",137,"p137","male4stem",349.911,1620146870856,1620147220767,14,"2021-05-04 13:47:49","Aceito",3,2,4,5,4,3,4,4,4,5,5,7,7,7,5,"2021-05-04 13:57:24",3,2,3,3,3,2,3,5,3,8,4,8,8,4,8,"Negro","Classe Média","Vicência","1º ano - Ensino Médio Técnico",FALSE,TRUE,FALSE,"inThreat",3.66666666666667,3,6,6.66666666666667,-1.52752523165195
"97","stMale","Feminino",138,"p138","male4tpe",383.194,1620147468394,1620147851588,11,"2021-05-04 13:58:05","Aceito",3,1,1,5,5,3,1,3,3,1,1,1,1,1,1,"2021-05-04 14:10:11",3,3,1,1,1,5,3,5,4,8,8,1,8,1,1,"Negro","Classe Baixa","Carpi","1º ano - Ensino Médio Técnico",FALSE,TRUE,FALSE,"inThreat",2.77777777777778,2.88888888888889,1.15833333333334,4.5,-2.12132034355964
"98","stMale","Feminino",139,"p139","male4tpe",383.194,1620147468394,1620147851588,11,"2021-05-04 13:55:40","Aceito",4,1,3,5,5,3,1,3,3,1,2,1,1,1,1,"2021-05-04 14:10:11",3,3,1,1,1,5,3,5,4,8,8,1,8,1,1,"Negro","Classe Baixa","Carpi","1º ano - Ensino Médio Técnico",FALSE,TRUE,FALSE,"inThreat",3.11111111111111,2.88888888888889,1.16666666666667,4.5,-2.12132034355964
"99","stMale","Feminino",141,"p141","male4enem",114.94,1619716184915,1619716299855,6,"2021-04-29 14:08:43","Aceito",2,3,3,4,4,5,4,5,5,8,8,8,1,3,1,"2021-04-29 14:14:21",4,5,1,4,5,3,3,1,3,8,8,1,1,1,8,"Pardo","Classe Baixa","Paudalho","1º ano - Ensino Médio Técnico",FALSE,TRUE,FALSE,"inThreat",3.88888888888889,3.22222222222222,4.83333333333333,4.5,-2.12132034355964
"100","stMale","Masculino",1,"p01","male4stem",284.845,1620148152461,1620148437306,12,"2021-05-04 14:01:07","Aceito",4,4,4,4,3,4,3,4,3,8,8,8,8,7,7,"2021-05-04 14:17:47",5,5,3,5,1,3,3,3,3,8,8,8,8,4,3,"Branco","Classe Baixa","carpi","1º ano - Ensino Médio Técnico",TRUE,FALSE,FALSE,"inBoost",3.66666666666667,3.44444444444444,7.66666666666667,6.5,-1.58113883008419
"101","stMale","Masculino",2,"p02","male4stem",284.845,1620148152461,1620148437306,12,"2021-05-04 14:01:07","Aceito",4,4,4,4,3,4,3,4,3,8,8,8,8,7,7,"2021-05-04 14:25:46",5,5,3,3,1,3,5,3,3,8,8,8,8,4,3,"Branco","Classe Baixa","Carpi","1º ano - Ensino Médio Técnico",TRUE,FALSE,FALSE,"inBoost",3.66666666666667,3.44444444444444,7.66666666666667,6.5,-1.58113883008419
"102","stMale","Masculino",3,"p03","male4stem",284.845,1620148152461,1620148437306,12,"2021-05-04 14:09:02","Aceito",4,4,3,4,3,4,3,4,3,8,8,8,8,6,6,"2021-05-04 14:17:47",5,5,3,5,1,3,3,3,3,8,8,8,8,4,3,"Branco","Classe Baixa","carpi","1º ano - Ensino Médio Técnico",TRUE,FALSE,FALSE,"inBoost",3.55555555555556,3.44444444444444,7.33333333333333,6.5,-1.58113883008419
"106","stMale","Masculino",13,"p13","male4enem",81.527,1619803138112,1619803219639,4,"2021-04-30 14:18:56","Aceito",4,3,2,4,3,3,2,4,4,7,8,8,7,8,7,"2021-04-30 14:22:19",3,4,3,3,2,3,4,2,3,8,7,6,8,7,7,"Pardo","Classe Média","Carpi permbuco","3º ano - Ensino Médio Técnico",TRUE,FALSE,FALSE,"inBoost",3.22222222222222,3,7.5,7.16666666666667,-1.35400640077266
"107","stMale","Masculino",19,"p19","male4enem",283.557,1619809448424,1619809731981,14,"2021-04-30 16:04:07","Aceito",5,3,3,4,4,5,5,5,5,8,8,8,6,8,6,"2021-04-30 16:18:35",5,5,5,5,5,5,5,5,5,8,8,8,8,8,8,"Pardo","Classe Média","Araçoiaba","2º ano - Ensino Médio Técnico",TRUE,FALSE,FALSE,"inBoost",4.33333333333333,5,7.33333333333333,8,-1
"111","stMale","Masculino",32,"p32","male4tpe",742.464,1620147744912,1620148487376,16,"2021-05-04 14:02:24","Aceito",5,1,4,5,5,4,5,3,4,8,8,8,6,4,6,"2021-05-04 14:24:55",4,1,5,1,1,5,4,4,5,8,8,8,8,8,8,"Branco","Classe Baixa","carpi PE","1º ano - Ensino Médio Técnico",TRUE,FALSE,FALSE,"inBoost",4,3.33333333333333,6.66666666666667,8,-1
"112","stMale","Masculino",38,"p38","male4tpe",269.648,1619804000813,1619804270461,16,"2021-04-30 14:31:34","Aceito",2,1,3,4,3,4,5,3,3,3,4,4,6,8,5,"2021-04-30 14:46:22",4,1,3,3,4,4,4,4,4,8,8,5,8,6,8,"Pardo","Classe Baixa","LAGOA DO CARRO","3º ano - Ensino Médio Técnico",TRUE,FALSE,FALSE,"inBoost",3.11111111111111,3.44444444444444,5.66666666666667,7.16666666666667,-1.35400640077266
"113","stMale","Masculino",40,"p40","male4tpe",199.381,1619805461402,1619805660783,15,"2021-04-30 14:57:38","Aceito",5,3,5,5,4,3,4,5,5,5,5,7,6,6,8,"2021-04-30 16:08:24",5,4,5,3,5,4,4,5,5,8,8,7,7,6,5,"Pardo","Classe Média","Carpi","2º ano - Ensino Médio Técnico",TRUE,FALSE,FALSE,"inBoost",4.33333333333333,4.44444444444444,6.16666666666667,6.83333333333333,-1.47196014438798
"116","stMale","Masculino",65,"p65","male4stem",479.537,1619716795073,1619717274610,16,"2021-04-29 14:16:03","Aceito",5,4,5,5,4,5,5,3,5,8,8,8,8,4,4,"2021-04-29 14:33:51",5,5,5,5,3,4,4,4,5,8,8,8,8,5,8,"Pardo","Classe Baixa","Paudalho","1º ano - Ensino Médio Técnico",TRUE,FALSE,FALSE,"inBoost",4.55555555555556,4.44444444444444,6.66666666666667,7.5,-1.22474487139159
"117","stMale","Masculino",66,"p66","male4stem",479.537,1619716795073,1619717274610,16,"2021-04-29 14:16:03","Aceito",5,4,5,5,4,5,5,3,5,8,8,8,8,4,4,"2021-04-29 14:34:04",5,5,5,5,3,4,4,4,5,8,8,8,8,5,8,"Pardo","Classe Baixa","Paudalho","1º ano - Ensino Médio Técnico",TRUE,FALSE,FALSE,"inBoost",4.55555555555556,4.44444444444444,6.66666666666667,7.5,-1.22474487139159
"118","stMale","Masculino",67,"p67","male4stem",479.537,1619716795073,1619717274610,16,"2021-04-29 14:12:00","Aceito",5,4,5,5,2,5,5,3,5,8,8,8,8,8,6,"2021-04-29 14:33:51",5,5,5,5,3,4,4,4,5,8,8,8,8,5,8,"Pardo","Classe Baixa","Paudalho","1º ano - Ensino Médio Técnico",TRUE,FALSE,FALSE,"inBoost",4.33333333333333,4.44444444444444,7.66666666666667,7.5,-1.22474487139159
"119","stMale","Masculino",68,"p68","male4stem",479.537,1619716795073,1619717274610,16,"2021-04-29 14:12:00","Aceito",5,4,5,5,2,5,5,3,5,8,8,8,8,8,6,"2021-04-29 14:34:04",5,5,5,5,3,4,4,4,5,8,8,8,8,5,8,"Pardo","Classe Baixa","Paudalho","1º ano - Ensino Médio Técnico",TRUE,FALSE,FALSE,"inBoost",4.33333333333333,4.44444444444444,7.66666666666667,7.5,-1.22474487139159
"121","stMale","Masculino",85,"p85","male4enem",190.357,1620148061477,1620148251834,11,"2021-05-04 14:07:41","Aceito",3,2,5,5,5,2,1,5,1,8,8,1,5,3,6,"2021-05-04 14:12:41",5,5,5,5,5,5,5,5,5,8,8,8,8,8,6,"Branco","Classe Alta","lagoa do carro","1º ano - Ensino Médio Técnico",TRUE,FALSE,FALSE,"inBoost",3.22222222222222,5,5.66666666666667,7.66666666666667,-1.15470053837925
"124","stMale","Masculino",91,"p91","male4enem",323.254,1619828752303,1619829075557,20,"2021-04-30 21:13:28","Aceito",4,2,1,4,4,3,5,5,5,7,7,7,7,7,7,"2021-04-30 21:34:41",3,1,4,3,5,5,1,5,5,7,8,7,7,7,7,"Pardo","Classe Baixa","Carpi","1º ano - Ensino Médio Técnico",TRUE,FALSE,FALSE,"inBoost",3.66666666666667,3.55555555555556,7,7.16666666666667,-1.35400640077266
"125","stMale","Masculino",92,"p92","male4enem",323.254,1619828752303,1619829075557,20,"2021-04-30 21:03:08","Aceito",4,2,1,4,4,3,5,5,5,7,7,7,7,7,7,"2021-04-30 21:34:41",3,1,4,3,5,5,1,5,5,7,8,7,7,7,7,"Pardo","Classe Baixa","Carpi","1º ano - Ensino Médio Técnico",TRUE,FALSE,FALSE,"inBoost",3.66666666666667,3.55555555555556,7,7.16666666666667,-1.35400640077266
"126","stMale","Masculino",93,"p93","male4enem",323.254,1619828752303,1619829075557,20,"2021-04-30 21:09:15","Aceito",4,2,1,4,4,3,5,5,5,7,7,7,7,7,7,"2021-04-30 21:34:41",3,1,4,3,5,5,1,5,5,7,8,7,7,7,7,"Pardo","Classe Baixa","Carpi","1º ano - Ensino Médio Técnico",TRUE,FALSE,FALSE,"inBoost",3.66666666666667,3.55555555555556,7,7.16666666666667,-1.35400640077266
"127","stMale","Masculino",94,"p94","male4enem",323.254,1619828752303,1619829075557,20,"2021-04-30 21:00:28","Aceito",4,2,1,4,4,3,5,5,5,7,7,7,7,7,7,"2021-04-30 21:34:41",3,1,4,3,5,5,1,5,5,7,8,7,7,7,7,"Pardo","Classe Baixa","Carpi","1º ano - Ensino Médio Técnico",TRUE,FALSE,FALSE,"inBoost",3.66666666666667,3.55555555555556,7,7.16666666666667,-1.35400640077266
"128","stMale","Masculino",95,"p95","male4enem",323.254,1619828752303,1619829075557,20,"2021-04-30 21:26:04","Aceito",4,2,1,4,4,3,5,5,5,7,7,7,7,7,7,"2021-04-30 21:34:41",3,1,4,3,5,5,1,5,5,7,8,7,7,7,7,"Pardo","Classe Baixa","Carpi","1º ano - Ensino Médio Técnico",TRUE,FALSE,FALSE,"inBoost",3.66666666666667,3.55555555555556,7,7.16666666666667,-1.35400640077266
"129","stMale","Masculino",96,"p96","male4enem",323.254,1619828752303,1619829075557,20,"2021-04-30 21:02:48","Aceito",4,2,1,4,4,3,5,5,5,7,7,7,7,7,7,"2021-04-30 21:34:41",3,1,4,3,5,5,1,5,5,7,8,7,7,7,7,"Pardo","Classe Baixa","Carpi","1º ano - Ensino Médio Técnico",TRUE,FALSE,FALSE,"inBoost",3.66666666666667,3.55555555555556,7,7.16666666666667,-1.35400640077266
"130","stMale","Masculino",97,"p97","male4enem",323.254,1619828752303,1619829075557,20,"2021-04-30 21:10:29","Aceito",4,2,1,4,4,3,5,5,5,7,7,7,7,7,7,"2021-04-30 21:34:41",3,1,4,3,5,5,1,5,5,7,8,7,7,7,7,"Pardo","Classe Baixa","Carpi","1º ano - Ensino Médio Técnico",TRUE,FALSE,FALSE,"inBoost",3.66666666666667,3.55555555555556,7,7.16666666666667,-1.35400640077266
"131","stMale","Masculino",100,"p100","male4enem",142.432,1620147294890,1620147437322,18,"2021-05-04 13:50:38","Aceito",4,2,2,5,5,1,1,5,5,7,7,7,7,7,7,"2021-05-04 13:58:53",3,1,4,1,5,5,1,1,5,7,7,7,7,7,7,"Pardo","Classe Baixa","Carpi","1º ano - Ensino Médio Técnico",TRUE,FALSE,FALSE,"inBoost",3.33333333333333,2.88888888888889,7,7,-1.4142135623731
"133","stMale","Masculino",102,"p102","male4tpe",758.952,1619804723327,1619805482279,18,"2021-04-30 14:43:51","Aceito",3,3,4,5,4,3,3,3,2,8,8,8,8,8,8,"2021-04-30 15:12:22",5,5,5,4,5,4,5,4,5,8,8,8,8,6,7,"Pardo","Classe Baixa","Lagoa Do Itaenga","1º ano - Ensino Médio Técnico",TRUE,FALSE,FALSE,"inBoost",3.33333333333333,4.66666666666667,8,7.5,-1.22474487139159
"134","stMale","Masculino",104,"p104","male4tpe",399.878,1619721789039,1619722188917,12,"2021-04-29 15:43:09","Aceito",3,3,4,2,3,3,2,5,5,7,5,8,8,5,5,"2021-04-29 15:55:15",5,3,3,3,5,4,4,2,4,8,8,8,8,1,8,"Pardo","Classe Média","Paudalho","1º ano - Ensino Médio Técnico",TRUE,FALSE,FALSE,"inBoost",3.33333333333333,3.66666666666667,6.33333333333333,6.83333333333333,-1.47196014438798
"138","stMale","Masculino",125,"p125","male4tpe",275.092,1619807733897,1619808008989,14,"2021-04-30 15:35:33","Aceito",4,2,3,5,4,4,3,5,5,8,8,8,6,3,2,"2021-04-30 15:44:25",4,3,3,4,5,5,4,4,5,8,8,7,8,6,4,"Negro","Classe Média","Tracunhaem","1º ano - Ensino Médio Técnico",TRUE,FALSE,FALSE,"inBoost",3.88888888888889,4.11111111111111,5.83333333333333,6.83333333333333,-1.47196014438798
"139","stMale","Masculino",126,"p126","male4tpe",275.092,1619807733897,1619808008989,14,"2021-04-30 15:34:29","Aceito",4,2,3,5,4,4,3,5,5,8,8,8,6,3,2,"2021-04-30 15:44:25",4,3,3,4,5,5,4,4,5,8,8,7,8,6,4,"Negro","Classe Média","Tracunhaem","1º ano - Ensino Médio Técnico",TRUE,FALSE,FALSE,"inBoost",3.88888888888889,4.11111111111111,5.83333333333333,6.83333333333333,-1.47196014438798
"141","stMale","Masculino",136,"p136","male4enem",2061.17,1619811583189,1619813644359,19,"2021-04-30 16:39:40","Aceito",4,3,4,4,3,3,4,3,4,7,7,7,7,7,7,"2021-04-30 17:25:07",4,4,4,3,3,4,4,4,3,7,7,7,7,7,7,"Negro","Classe Baixa","Carpi","2º ano - Ensino Médio Técnico",TRUE,FALSE,FALSE,"inBoost",3.55555555555556,3.66666666666667,7,7,-1.4142135623731
